date,month,transaction_amount,customer_age,customer_type,risk_score,num_past_defaults,transaction_frequency,region,default_label,drift_injected
2024-01-18,1,57450.71,61,SME,0.284,0,24,South,0,none
2024-01-13,1,47926.04,32,SME,0.3184,0,14,South,0,none
2024-01-19,1,59715.33,24,Retail,0.0773,0,6,North,0,none
2024-01-05,1,72845.45,27,Retail,0.1539,1,10,West,0,none
2024-01-20,1,46487.7,30,Corporate,0.4837,2,8,North,0,none
2024-01-02,1,46487.95,27,Retail,0.3173,1,17,West,0,none
2024-01-11,1,73688.19,30,Retail,0.376,1,25,West,1,none
2024-01-26,1,61511.52,60,Corporate,0.6847,0,29,South,0,none
2024-01-18,1,42957.88,52,Corporate,0.1874,2,12,West,0,none
2024-01-06,1,58138.4,53,SME,0.6875,0,17,North,0,none
2024-01-23,1,43048.73,62,Retail,0.0462,0,13,North,0,none
2024-01-28,1,43014.05,33,Retail,0.3759,0,19,South,1,none
2024-01-10,1,53629.43,29,Corporate,0.4823,2,12,East,1,none
2024-01-22,1,21300.8,29,Corporate,0.5003,0,16,North,0,none
2024-01-23,1,24126.23,49,Corporate,0.4111,0,25,West,0,none
2024-01-17,1,41565.69,41,Corporate,0.2752,0,27,North,0,none
2024-01-22,1,34807.53,28,Retail,0.4904,0,5,North,0,none
2024-01-11,1,54713.71,32,SME,0.3699,0,25,North,1,none
2024-01-19,1,36379.64,41,Retail,0.2742,0,16,East,1,none
2024-01-17,1,28815.44,37,Retail,0.1775,0,25,West,0,none
2024-01-24,1,71984.73,25,Corporate,0.3387,0,6,South,0,none
2024-01-04,1,46613.36,27,Retail,0.1633,0,11,North,0,none
2024-01-26,1,51012.92,43,Retail,0.1213,0,17,West,0,none
2024-01-24,1,28628.78,47,SME,0.123,0,26,West,0,none
2024-01-26,1,41834.26,24,Retail,0.4387,0,23,South,1,none
2024-01-14,1,51663.84,62,Corporate,0.443,2,14,North,0,none
2024-01-27,1,32735.1,63,Retail,0.6958,1,6,East,1,none
2024-01-20,1,55635.47,35,Corporate,0.6435,0,25,West,0,none
2024-01-04,1,40990.42,32,Retail,0.4856,0,23,South,0,none
2024-01-28,1,45624.59,39,Retail,0.5381,2,28,East,1,none
2024-01-14,1,40974.4,33,SME,0.4766,0,11,West,0,none
2024-01-26,1,77784.17,44,Corporate,0.331,0,12,North,0,none
2024-01-04,1,49797.54,33,Retail,0.7772,1,13,West,1,none
2024-01-06,1,34134.34,34,Retail,0.1557,0,4,East,0,none
2024-01-09,1,62338.17,46,SME,0.0491,0,7,East,0,none
2024-01-21,1,31687.35,40,Corporate,0.3926,0,2,North,1,none
2024-01-12,1,53132.95,57,Corporate,0.602,1,6,North,0,none
2024-01-26,1,20604.95,29,Corporate,0.4266,1,6,South,1,none
2024-01-08,1,30077.21,50,Retail,0.4185,1,18,North,0,none
2024-01-24,1,52952.92,53,Retail,0.5468,0,20,South,0,none
2024-01-04,1,61077.0,39,Corporate,0.1927,0,8,East,0,none
2024-01-27,1,52570.52,27,Retail,0.0278,0,8,East,0,none
2024-01-26,1,48265.28,39,Retail,0.2658,0,29,West,0,none
2024-01-25,1,45483.44,40,SME,0.1714,1,8,West,0,none
2024-01-25,1,27822.17,43,Corporate,0.5422,1,8,South,0,none
2024-01-05,1,39202.34,58,Corporate,0.5483,0,1,North,1,none
2024-01-06,1,43090.42,53,Corporate,0.549,0,2,North,0,none
2024-01-05,1,65856.83,62,Corporate,0.4395,0,12,West,0,none
2024-01-19,1,55154.27,24,Retail,0.1365,0,15,East,0,none
2024-01-27,1,23554.4,49,Retail,0.2314,1,4,South,1,none
2024-01-08,1,54861.26,31,Retail,0.3547,1,28,East,1,none
2024-01-09,1,44223.77,56,Retail,0.385,0,25,East,0,none
2024-01-15,1,39846.17,50,Corporate,0.1972,2,3,North,1,none
2024-01-04,1,59175.14,36,Retail,0.2988,1,14,South,0,none
2024-01-25,1,65464.99,54,Retail,0.1985,0,22,East,0,none
2024-01-09,1,63969.2,28,Retail,0.1835,0,23,West,0,none
2024-01-07,1,37411.74,33,Retail,0.2161,1,8,West,0,none
2024-01-08,1,45361.81,51,Retail,0.0944,0,13,North,0,none
2024-01-15,1,54968.95,42,Retail,0.3147,0,23,West,0,none
2024-01-19,1,64633.18,52,Retail,0.1635,0,19,West,0,none
2024-01-15,1,42812.39,45,Retail,0.0819,0,22,East,0,none
2024-01-05,1,47215.12,41,Retail,0.3742,0,5,West,0,none
2024-01-19,1,33404.98,58,Corporate,0.142,0,13,West,1,none
2024-01-07,1,32056.9,25,Retail,0.0307,0,28,East,0,none
2024-01-06,1,62187.89,49,Retail,0.6072,0,26,North,1,none
2024-01-27,1,70343.6,41,Corporate,0.4766,0,20,North,0,none
2024-01-19,1,48919.85,45,Retail,0.2264,0,1,South,1,none
2024-01-25,1,65052.99,53,SME,0.0467,0,16,West,0,none
2024-01-28,1,55424.54,62,Corporate,0.4714,1,29,East,1,none
2024-01-17,1,40323.2,57,Retail,0.0866,0,23,South,0,none
2024-01-10,1,55420.93,55,Corporate,0.3896,0,24,North,0,none
2024-01-19,1,73070.55,57,Retail,0.1955,2,2,North,1,none
2024-01-11,1,49462.61,23,Corporate,0.0179,0,7,East,0,none
2024-01-15,1,73469.65,36,Retail,0.5874,0,6,South,1,none
2024-01-10,1,10703.82,55,SME,0.0508,0,5,South,0,none
2024-01-11,1,62328.54,57,Retail,0.075,0,29,East,0,none
2024-01-23,1,51305.71,27,Corporate,0.2811,0,4,East,1,none
2024-01-03,1,45514.89,60,Corporate,0.3908,1,2,South,0,none
2024-01-03,1,51376.41,63,Retail,0.0519,0,10,North,0,none
2024-01-18,1,20186.47,33,Retail,0.3106,0,22,West,0,none
2024-01-25,1,46704.92,24,Corporate,0.1104,0,5,North,0,none
2024-01-11,1,55356.69,39,SME,0.1436,0,18,East,0,none
2024-01-20,1,72168.41,61,Retail,0.1218,0,10,South,0,none
2024-01-26,1,42225.95,42,Corporate,0.5598,0,23,South,0,none
2024-01-22,1,37872.6,36,SME,0.6623,0,22,West,1,none
2024-01-18,1,42473.64,54,SME,0.0431,0,28,South,0,none
2024-01-25,1,63731.03,56,Retail,0.2409,0,15,West,0,none
2024-01-15,1,54931.27,47,Corporate,0.3944,0,27,North,0,none
2024-01-07,1,42053.6,29,Retail,0.0858,0,9,North,0,none
2024-01-10,1,57699.01,57,SME,0.2077,0,11,South,1,none
2024-01-21,1,51456.16,51,Retail,0.4477,0,26,South,1,none
2024-01-23,1,64529.67,44,Retail,0.1777,0,21,East,0,none
2024-01-20,1,39469.2,63,Corporate,0.357,0,25,East,1,none
2024-01-10,1,45085.07,35,Retail,0.1078,0,25,South,0,none
2024-01-13,1,44118.38,35,SME,0.3679,0,29,South,0,none
2024-01-15,1,28047.28,23,SME,0.1133,0,17,North,0,none
2024-01-23,1,54441.8,58,Corporate,0.3166,1,21,South,0,none
2024-01-18,1,53915.83,26,Retail,0.2404,0,9,East,0,none
2024-01-23,1,50076.7,59,Corporate,0.385,0,23,North,0,none
2024-01-04,1,46481.19,62,Retail,0.2983,0,16,West,0,none
2024-01-20,1,28769.44,35,Retail,0.2455,1,6,East,0,none
2024-01-17,1,43690.32,60,SME,0.0717,1,22,East,0,none
2024-01-28,1,44859.28,46,Retail,0.2531,0,11,North,0,none
2024-01-03,1,37965.84,41,Retail,0.3617,1,23,West,0,none
2024-01-21,1,47580.71,23,SME,0.2915,0,17,East,0,none
2024-01-21,1,56060.76,60,Retail,0.342,0,4,South,0,none
2024-01-02,1,78292.79,27,Retail,0.127,0,29,East,0,none
2024-01-04,1,52618.67,38,SME,0.3236,0,15,North,0,none
2024-01-01,1,53863.26,46,Retail,0.4972,0,1,North,0,none
2024-01-15,1,48883.31,49,Corporate,0.1341,0,22,North,0,none
2024-01-25,1,21218.43,23,SME,0.2672,2,29,East,1,none
2024-01-01,1,49602.29,56,SME,0.2137,0,20,West,0,none
2024-01-06,1,50903.45,58,Corporate,0.1031,0,1,South,0,none
2024-01-07,1,86948.63,26,Retail,0.1919,0,9,North,0,none
2024-01-19,1,47114.59,22,Retail,0.1678,1,12,West,1,none
2024-01-12,1,54523.21,61,SME,0.0874,0,4,South,0,none
2024-01-01,1,49479.32,33,SME,0.6356,1,28,North,1,none
2024-01-07,1,32469.83,57,Corporate,0.4077,0,22,South,0,none
2024-01-19,1,67142.34,44,Retail,0.2996,0,13,South,0,none
2024-01-13,1,61279.0,52,Retail,0.4695,0,7,West,1,none
2024-01-26,1,61865.48,32,Retail,0.2002,1,8,South,0,none
2024-01-12,1,36359.19,31,Corporate,0.4009,0,28,North,0,none
2024-01-12,1,71041.91,24,Retail,0.5109,0,13,West,1,none
2024-01-22,1,28972.23,35,SME,0.3316,0,11,East,0,none
2024-01-13,1,58802.86,37,Corporate,0.1966,0,9,East,0,none
2024-01-28,1,82856.83,31,Retail,0.1747,3,25,West,0,none
2024-01-14,1,35141.96,50,Corporate,0.294,1,24,East,1,none
2024-01-22,1,41505.53,31,Retail,0.1223,0,16,South,0,none
2024-01-12,1,51494.77,33,Corporate,0.5594,0,10,North,1,none
2024-01-20,1,42447.87,51,Corporate,0.4916,0,11,South,0,none
2024-01-12,1,26740.05,62,SME,0.2452,1,12,West,0,none
2024-01-27,1,51028.44,22,SME,0.1209,1,28,North,0,none
2024-01-06,1,34065.44,26,Retail,0.2489,1,14,West,0,none
2024-01-27,1,57103.89,41,Retail,0.2357,1,19,West,1,none
2024-01-10,1,36208.64,29,Corporate,0.2822,1,12,West,1,none
2024-01-20,1,73249.02,64,Retail,0.5266,0,18,South,0,none
2024-01-24,1,38251.2,33,Retail,0.1239,0,21,North,0,none
2024-01-09,1,45169.08,22,Retail,0.3242,0,17,North,0,none
2024-01-02,1,62202.76,41,Corporate,0.5137,0,3,North,0,none
2024-01-07,1,31537.04,49,Retail,0.4259,0,1,South,0,none
2024-01-09,1,53411.9,64,Corporate,0.2898,1,29,East,1,none
2024-01-25,1,69607.14,58,SME,0.5151,0,19,South,0,none
2024-01-12,1,25887.75,58,Retail,0.2541,0,29,South,1,none
2024-01-05,1,52769.51,33,Retail,0.3452,0,4,West,0,none
2024-01-01,1,53898.24,58,Retail,0.4147,1,23,North,1,none
2024-01-22,1,61727.34,49,SME,0.132,1,28,North,0,none
2024-01-15,1,31445.74,36,Retail,0.2686,0,16,East,0,none
2024-01-08,1,30193.15,27,Retail,0.1578,1,12,East,0,none
2024-01-01,1,57829.12,41,Retail,0.4014,0,21,West,0,none
2024-01-18,1,54454.77,35,Corporate,0.3105,0,21,North,0,none
2024-01-13,1,53757.39,23,Retail,0.1798,1,13,East,0,none
2024-01-01,1,55196.72,30,Corporate,0.0275,0,17,East,0,none
2024-01-05,1,39799.63,58,SME,0.1942,0,8,North,0,none
2024-01-18,1,53483.81,41,Retail,0.3104,0,13,South,0,none
2024-01-16,1,54396.09,47,SME,0.2281,1,20,East,0,none
2024-01-26,1,39284.73,50,Retail,0.2397,0,26,North,0,none
2024-01-10,1,77986.62,22,SME,0.0664,1,5,East,0,none
2024-01-04,1,57107.49,56,Corporate,0.1416,0,18,West,0,none
2024-01-01,1,32130.45,27,SME,0.3292,0,15,East,0,none
2024-01-23,1,59848.3,58,Retail,0.1925,0,12,North,0,none
2024-01-08,1,35379.77,26,Retail,0.2783,0,29,East,0,none
2024-01-05,1,61806.27,54,Retail,0.1744,0,17,West,0,none
2024-01-02,1,67378.93,35,Retail,0.2992,0,25,West,1,none
2024-01-24,1,37689.77,33,Retail,0.2706,0,15,East,0,none
2024-01-17,1,64450.64,63,Retail,0.2942,0,2,East,0,none
2024-01-07,1,56191.71,41,Retail,0.5165,0,6,West,1,none
2024-01-17,1,62330.9,45,Retail,0.4735,0,17,West,0,none
2024-01-28,1,78451.89,64,SME,0.1765,1,16,South,1,none
2024-01-06,1,46319.18,55,Retail,0.2677,0,17,South,0,none
2024-01-22,1,38693.96,46,Retail,0.1767,0,25,West,0,none
2024-01-15,1,36657.28,50,Retail,0.1981,2,20,East,1,none
2024-01-05,1,37762.85,60,Retail,0.1238,0,9,North,0,none
2024-01-15,1,48843.47,52,SME,0.3128,0,27,East,0,none
2024-01-18,1,55117.28,64,Retail,0.1084,0,5,East,0,none
2024-01-18,1,54150.36,44,Corporate,0.2142,0,23,South,0,none
2024-01-25,1,62407.75,59,SME,0.0985,1,1,South,0,none
2024-01-21,1,50195.03,41,SME,0.2155,0,6,South,0,none
2024-01-21,1,71803.01,44,Corporate,0.4388,0,24,West,0,none
2024-01-23,1,46030.15,37,SME,0.1713,0,14,West,0,none
2024-01-06,1,90802.54,63,SME,0.2055,2,17,East,0,none
2024-01-02,1,59385.01,29,Corporate,0.0469,0,25,East,0,none
2024-01-27,1,37142.64,42,Corporate,0.219,0,19,North,0,none
2024-01-17,1,33936.61,22,Corporate,0.2918,0,1,East,1,none
2024-01-21,1,57237.09,29,Corporate,0.3089,0,1,East,0,none
2024-01-04,1,46648.06,50,Corporate,0.4185,0,13,South,0,none
2024-01-12,1,60710.01,53,Retail,0.175,1,14,South,1,none
2024-01-19,1,57098.56,59,Retail,0.2384,1,27,South,1,none
2024-01-02,1,48907.57,26,Retail,0.4617,1,6,South,0,none
2024-01-26,1,37298.09,43,Retail,0.2256,0,27,South,1,none
2024-01-02,1,27277.29,55,Retail,0.0347,0,6,North,0,none
2024-01-14,1,43302.28,22,Retail,0.2776,1,1,North,1,none
2024-01-15,1,62845.98,47,Corporate,0.2852,0,14,North,0,none
2024-01-20,1,53211.41,64,Retail,0.2265,0,3,South,0,none
2024-01-02,1,31313.92,31,SME,0.0841,0,23,West,0,none
2024-01-04,1,52597.71,51,Retail,0.2252,0,10,South,0,none
2024-01-19,1,55779.76,39,Retail,0.2687,1,19,South,0,none
2024-01-09,1,36742.14,38,Corporate,0.2101,0,19,North,0,none
2024-01-07,1,52305.88,47,Corporate,0.1278,0,19,South,0,none
2024-01-13,1,50873.13,29,Retail,0.5298,0,28,North,1,none
2024-01-27,1,32855.45,61,SME,0.0923,0,23,South,0,none
2024-01-12,1,55366.81,33,SME,0.4121,0,4,East,0,none
2024-01-03,1,58411.77,48,Retail,0.2994,0,20,West,0,none
2024-01-13,1,66245.77,29,Retail,0.1963,0,19,West,0,none
2024-01-15,1,65807.03,46,SME,0.2231,1,10,North,0,none
2024-01-14,1,29334.96,25,Corporate,0.2418,0,27,East,1,none
2024-01-24,1,35932.62,54,Corporate,0.1639,1,25,West,0,none
2024-01-09,1,57725.53,22,SME,0.2438,0,2,North,0,none
2024-01-13,1,57706.79,40,Retail,0.4511,0,4,South,0,none
2024-01-23,1,57725.72,52,Retail,0.1242,1,24,South,0,none
2024-01-22,1,107790.97,37,Retail,0.2262,0,6,East,0,none
2024-01-04,1,58563.36,35,Corporate,0.3365,0,7,West,0,none
2024-01-21,1,67033.48,26,Corporate,0.6063,0,16,South,0,none
2024-01-08,1,64310.03,62,Corporate,0.136,0,29,North,0,none
2024-01-03,1,59770.87,47,Retail,0.2188,1,7,South,0,none
2024-01-02,1,45270.96,49,Retail,0.4751,0,18,South,0,none
2024-01-19,1,61384.54,23,Retail,0.2594,0,20,West,0,none
2024-01-28,1,38407.62,27,Corporate,0.4971,0,26,West,1,none
2024-01-23,1,46447.72,30,Corporate,0.1658,0,26,North,0,none
2024-01-08,1,42719.55,54,Retail,0.3998,0,22,East,0,none
2024-01-17,1,51228.11,62,SME,0.4142,1,19,East,1,none
2024-01-13,1,84719.88,46,Retail,0.179,0,9,South,0,none
2024-01-07,1,21991.02,34,SME,0.727,1,29,North,1,none
2024-01-09,1,60293.9,30,Retail,0.5371,0,20,East,0,none
2024-01-12,1,25809.26,34,Corporate,0.1692,0,10,East,0,none
2024-01-14,1,42921.02,52,Retail,0.5812,0,13,South,1,none
2024-01-14,1,66334.26,62,SME,0.1976,2,18,North,0,none
2024-01-15,1,50964.2,32,Retail,0.0576,0,16,East,0,none
2024-01-03,1,33833.83,25,Retail,0.4833,0,22,West,1,none
2024-01-15,1,39270.44,55,Retail,0.1424,0,17,West,0,none
2024-01-19,1,60193.97,59,Retail,0.3738,1,22,South,0,none
2024-01-24,1,39044.5,25,Retail,0.0734,0,13,South,0,none
2024-01-20,1,53246.88,59,SME,0.3975,0,12,South,0,none
2024-01-14,1,50683.58,40,Retail,0.4691,0,10,South,0,none
2024-01-08,1,40225.99,27,Corporate,0.3047,0,1,East,1,none
2024-01-05,1,82159.16,55,Corporate,0.5033,1,8,North,0,none
2024-01-19,1,59508.79,39,Corporate,0.6048,1,21,South,0,none
2024-01-04,1,19622.86,34,Retail,0.2165,0,22,South,0,none
2024-01-14,1,52796.81,62,Retail,0.6591,0,18,East,1,none
2024-01-16,1,40073.2,44,Corporate,0.2907,0,2,South,0,none
2024-01-20,1,62786.5,40,SME,0.0475,0,16,South,0,none
2024-01-24,1,38112.19,32,Retail,0.0587,1,12,North,0,none
2024-01-06,1,48278.95,22,Retail,0.1901,0,9,West,0,none
2024-01-23,1,57574.81,45,Retail,0.2968,0,3,South,0,none
2024-01-25,1,62986.33,28,SME,0.4025,0,22,East,0,none
2024-01-06,1,31995.55,46,Retail,0.5495,0,26,North,0,none
2024-01-03,1,44982.48,42,Retail,0.2786,1,21,East,0,none
2024-01-15,1,42875.82,36,SME,0.4684,0,28,North,1,none
2024-01-03,1,40200.06,22,Retail,0.0928,0,4,North,0,none
2024-01-11,1,76481.81,33,Retail,0.3222,0,26,South,0,none
2024-01-03,1,56074.73,28,Corporate,0.4261,0,2,South,0,none
2024-01-28,1,31086.74,36,SME,0.0615,0,8,South,1,none
2024-01-10,1,63767.93,42,Retail,0.4552,0,10,West,0,none
2024-01-18,1,81832.34,40,Retail,0.1222,0,16,West,0,none
2024-01-01,1,65486.98,50,Retail,0.2446,0,23,East,0,none
2024-01-16,1,27209.45,46,Retail,0.037,0,11,South,0,none
2024-01-16,1,42736.49,54,Corporate,0.1225,1,18,West,0,none
2024-01-27,1,69003.67,53,Retail,0.1801,0,22,South,0,none
2024-01-10,1,39384.96,56,Retail,0.2529,0,14,West,0,none
2024-01-01,1,56657.29,59,Retail,0.2333,0,8,West,0,none
2024-01-04,1,61619.51,47,Corporate,0.5681,2,23,North,0,none
2024-01-03,1,36096.04,32,Corporate,0.2041,0,15,South,0,none
2024-01-05,1,49107.12,56,SME,0.23,0,17,South,0,none
2024-01-12,1,1380.99,29,Retail,0.351,0,21,West,1,none
2024-01-25,1,34634.19,35,SME,0.3743,0,18,South,0,none
2024-01-12,1,46211.48,31,SME,0.2197,3,6,West,0,none
2024-01-13,1,31283.25,23,Retail,0.2143,0,23,South,0,none
2024-01-24,1,74486.17,30,Retail,0.2743,0,14,North,0,none
2024-01-12,1,28547.88,24,Retail,0.2754,0,23,South,0,none
2024-01-25,1,43399.33,42,Retail,0.2823,0,3,North,0,none
2024-01-16,1,51961.11,47,Retail,0.7754,0,7,East,1,none
2024-01-13,1,71619.1,29,Retail,0.1319,1,15,South,0,none
2024-01-05,1,28462.07,23,Retail,0.2647,3,21,South,0,none
2024-01-24,1,67447.46,27,SME,0.1118,1,24,South,1,none
2024-01-04,1,50153.5,49,Retail,0.4954,0,28,North,0,none
2024-01-21,1,35277.37,50,SME,0.2038,2,16,South,1,none
2024-01-15,1,56931.55,47,Corporate,0.0539,0,16,South,0,none
2024-01-12,1,52985.9,46,SME,0.2481,0,8,West,0,none
2024-01-19,1,40996.75,33,Corporate,0.4439,0,7,East,0,none
2024-01-21,1,51047.03,26,Retail,0.0263,1,6,North,0,none
2024-01-28,1,44220.3,55,Corporate,0.2499,0,2,West,0,none
2024-01-19,1,51702.76,58,Retail,0.1011,0,22,North,0,none
2024-01-21,1,59931.96,36,Retail,0.0584,0,13,West,0,none
2024-01-11,1,73790.25,57,SME,0.1684,0,12,East,0,none
2024-01-21,1,31432.77,36,Retail,0.0862,1,15,West,0,none
2024-01-06,1,81995.5,64,Retail,0.2466,0,27,North,0,none
2024-01-09,1,20718.68,44,Corporate,0.1241,0,9,South,1,none
2024-01-01,1,47723.22,27,SME,0.5958,0,2,South,0,none
2024-01-12,1,58824.76,64,Corporate,0.0787,1,17,East,0,none
2024-01-26,1,54214.88,42,Retail,0.3227,1,27,North,1,none
2024-01-14,1,40659.51,44,Corporate,0.3303,0,29,North,0,none
2024-01-06,1,46878.17,64,Retail,0.2704,0,5,North,0,none
2024-01-01,1,42604.99,37,Corporate,0.1191,0,11,East,0,none
2024-01-22,1,41159.53,36,SME,0.427,1,22,South,0,none
2024-01-02,1,62744.03,46,Corporate,0.256,0,19,West,0,none
2024-01-24,1,55355.23,57,SME,0.6961,0,24,East,1,none
2024-01-11,1,39606.36,32,Retail,0.5711,0,7,West,0,none
2024-01-03,1,63494.0,36,Corporate,0.7348,1,2,South,1,none
2024-01-10,1,54609.49,25,SME,0.2903,0,16,East,0,none
2024-01-06,1,62192.93,42,Retail,0.3243,1,12,South,1,none
2024-01-06,1,59444.43,34,SME,0.5642,0,23,West,0,none
2024-01-20,1,37565.07,43,Retail,0.5266,0,15,North,1,none
2024-01-21,1,41597.28,40,Corporate,0.2072,0,1,North,0,none
2024-01-02,1,61209.4,55,SME,0.23,0,25,West,0,none
2024-01-26,1,59155.55,35,Corporate,0.0977,0,13,North,1,none
2024-01-26,1,49686.48,25,Retail,0.4917,0,23,West,1,none
2024-01-24,1,51759.91,48,Corporate,0.1306,1,6,East,0,none
2024-01-10,1,69164.97,50,Corporate,0.1413,0,13,East,0,none
2024-01-23,1,41126.43,49,SME,0.1406,0,18,East,0,none
2024-01-26,1,58206.46,56,Retail,0.2346,1,3,North,0,none
2024-01-06,1,46967.11,29,Retail,0.5203,0,1,South,0,none
2024-01-23,1,46734.78,37,Corporate,0.0892,0,15,North,0,none
2024-01-28,1,66481.65,63,Retail,0.1618,0,26,North,0,none
2024-01-17,1,62381.25,57,Corporate,0.2087,1,13,South,1,none
2024-01-14,1,62202.64,51,Corporate,0.0925,0,5,South,0,none
2024-01-05,1,69582.18,39,SME,0.233,0,25,South,1,none
2024-01-23,1,50315.06,23,Corporate,0.5309,0,13,South,0,none
2024-01-17,1,60229.29,34,Corporate,0.1429,1,22,North,0,none
2024-01-02,1,45346.0,25,Retail,0.0765,0,5,West,0,none
2024-01-09,1,54862.5,47,Retail,0.4382,0,28,East,0,none
2024-01-12,1,48047.85,46,Retail,0.382,0,19,West,0,none
2024-01-19,1,51454.94,51,Retail,0.2679,0,21,North,0,none
2024-01-22,1,58927.36,32,Corporate,0.2331,0,24,South,0,none
2024-01-07,1,37726.69,28,Corporate,0.4127,0,28,East,1,none
2024-01-09,1,81385.81,52,Corporate,0.0839,1,18,East,0,none
2024-01-21,1,34909.74,31,SME,0.0643,0,21,West,0,none
2024-01-16,1,31787.17,60,SME,0.0418,1,22,North,0,none
2024-01-20,1,67371.66,34,SME,0.0517,0,10,North,0,none
2024-01-11,1,61874.94,52,Corporate,0.2406,0,24,North,0,none
2024-01-12,1,59361.8,28,Corporate,0.7186,0,8,East,0,none
2024-01-15,1,59425.18,63,Retail,0.1785,1,15,West,0,none
2024-01-18,1,49816.3,63,Retail,0.2184,1,21,East,0,none
2024-01-19,1,36541.18,57,Retail,0.038,0,25,East,0,none
2024-01-16,1,51137.07,41,SME,0.1819,1,20,South,0,none
2024-01-15,1,39842.57,25,SME,0.2932,0,28,West,0,none
2024-01-05,1,64626.8,28,Retail,0.1137,0,25,South,0,none
2024-01-11,1,47794.14,22,Retail,0.2185,2,27,North,1,none
2024-01-15,1,37617.54,63,SME,0.3448,1,23,East,1,none
2024-01-18,1,45179.21,34,Retail,0.3236,0,22,West,0,none
2024-01-13,1,56193.97,43,Retail,0.3949,0,4,North,0,none
2024-01-04,1,41544.13,42,SME,0.4279,0,2,West,1,none
2024-01-17,1,37666.69,43,Retail,0.2166,0,24,East,1,none
2024-01-04,1,53655.31,49,Retail,0.6705,0,6,West,1,none
2024-01-16,1,53674.5,30,Corporate,0.2462,0,28,North,0,none
2024-01-23,1,42395.85,47,SME,0.3838,1,3,South,1,none
2024-01-15,1,42934.43,30,Corporate,0.118,1,7,East,0,none
2024-01-14,1,53480.75,36,Retail,0.3151,0,10,South,0,none
2024-01-12,1,28278.73,31,Retail,0.1898,0,23,East,1,none
2024-01-03,1,28888.04,45,Retail,0.091,0,6,North,0,none
2024-01-10,1,39223.34,63,Corporate,0.273,1,16,East,1,none
2024-01-08,1,46798.29,29,Corporate,0.2174,0,2,South,0,none
2024-01-06,1,54663.61,45,Retail,0.2333,0,24,East,1,none
2024-01-22,1,72130.34,37,SME,0.2729,1,17,North,0,none
2024-01-14,1,62864.89,47,Retail,0.1605,0,13,East,1,none
2024-01-17,1,47600.92,48,Retail,0.2534,0,1,South,0,none
2024-01-21,1,49714.76,58,Retail,0.3492,1,6,North,1,none
2024-01-19,1,34962.06,25,Retail,0.2572,0,5,South,0,none
2024-01-16,1,49722.3,45,Corporate,0.042,0,25,East,0,none
2024-01-15,1,45670.12,40,Corporate,0.1911,0,13,West,0,none
2024-01-26,1,54840.78,57,Retail,0.1821,0,28,South,0,none
2024-01-15,1,37591.54,60,Corporate,0.2044,0,23,East,0,none
2024-01-01,1,57790.2,31,Retail,0.5078,0,18,West,0,none
2024-01-24,1,72991.08,46,Corporate,0.2388,0,29,West,0,none
2024-01-23,1,48368.6,39,SME,0.0919,0,12,North,1,none
2024-01-23,1,56025.68,40,Retail,0.1765,0,7,West,0,none
2024-01-12,1,60352.16,57,Corporate,0.4434,2,15,South,0,none
2024-01-10,1,43981.69,31,Retail,0.4926,1,3,South,0,none
2024-01-14,1,53361.39,54,Retail,0.1249,1,16,West,0,none
2024-01-10,1,50188.89,26,Retail,0.2464,0,1,East,0,none
2024-01-10,1,51465.14,56,Corporate,0.1518,0,27,South,0,none
2024-01-20,1,38404.85,55,Corporate,0.0602,1,16,South,1,none
2024-01-11,1,50367.65,54,Retail,0.1627,0,24,North,0,none
2024-01-22,1,57469.97,42,SME,0.302,0,12,East,0,none
2024-01-16,1,71767.15,38,Corporate,0.5021,0,19,West,0,none
2024-01-09,1,64389.06,43,SME,0.3042,0,27,East,0,none
2024-01-15,1,82297.74,58,Corporate,0.29,0,8,North,0,none
2024-01-14,1,38489.79,36,Corporate,0.1026,0,23,North,0,none
2024-01-19,1,63084.81,56,Retail,0.5497,1,12,East,0,none
2024-01-09,1,52750.13,49,Retail,0.2708,1,15,North,0,none
2024-01-04,1,82847.04,28,SME,0.1815,0,2,North,0,none
2024-01-21,1,37875.53,53,Retail,0.0485,1,29,North,0,none
2024-01-07,1,37404.17,32,SME,0.4526,0,17,East,0,none
2024-01-22,1,41009.11,31,Corporate,0.1491,3,7,North,0,none
2024-01-26,1,18141.56,30,Retail,0.0851,0,13,West,0,none
2024-01-08,1,42113.67,35,Retail,0.2871,0,1,West,0,none
2024-01-24,1,38613.01,34,Retail,0.2817,0,6,South,1,none
2024-01-08,1,52255.91,46,SME,0.0916,0,13,West,0,none
2024-01-19,1,55126.34,23,Retail,0.4472,1,11,South,0,none
2024-01-15,1,78142.56,56,Retail,0.0552,0,10,East,0,none
2024-01-16,1,64256.36,28,Retail,0.4051,0,16,North,0,none
2024-01-26,1,41346.45,42,Retail,0.2816,0,27,West,0,none
2024-01-22,1,36523.78,39,Retail,0.2557,0,26,South,0,none
2024-01-23,1,57378.79,24,Retail,0.1236,1,24,East,0,none
2024-01-09,1,30196.5,63,SME,0.3752,2,23,South,0,none
2024-01-26,1,77471.88,60,Retail,0.6372,1,20,North,0,none
2024-01-26,1,67691.6,62,Retail,0.1349,0,17,West,0,none
2024-01-12,1,42962.37,32,Retail,0.2315,0,17,East,0,none
2024-01-16,1,24302.98,60,Retail,0.3385,0,4,South,1,none
2024-01-04,1,70308.09,45,SME,0.4571,1,5,East,0,none
2024-01-05,1,48281.9,40,Corporate,0.0294,0,28,South,0,none
2024-01-08,1,68567.24,25,Retail,0.5077,0,23,South,0,none
2024-01-01,1,26083.59,47,Corporate,0.2361,0,14,North,1,none
2024-01-28,1,41009.37,59,Retail,0.3139,0,20,North,1,none
2024-01-06,1,50078.66,63,Retail,0.3559,1,10,South,1,none
2024-01-15,1,50704.71,53,SME,0.2405,0,14,West,1,none
2024-01-04,1,43249.02,60,Corporate,0.4764,0,28,East,0,none
2024-01-21,1,59342.75,57,SME,0.3236,0,1,East,0,none
2024-01-11,1,33985.69,61,Retail,0.0303,0,11,North,0,none
2024-01-05,1,47864.31,58,Corporate,0.3251,1,26,West,0,none
2024-01-18,1,51804.43,54,Retail,0.6496,0,23,South,1,none
2024-01-24,1,57716.58,57,Retail,0.3293,0,18,North,0,none
2024-01-15,1,60674.22,24,SME,0.5234,0,16,South,0,none
2024-01-18,1,33130.37,30,Retail,0.3103,0,29,South,1,none
2024-01-20,1,26988.29,29,SME,0.4993,0,27,North,0,none
2024-01-28,1,69165.15,54,Corporate,0.4259,0,18,West,0,none
2024-01-13,1,54984.71,27,Retail,0.2495,1,8,East,1,none
2024-01-05,1,38772.7,62,Corporate,0.109,0,28,North,0,none
2024-01-01,1,73267.28,60,Corporate,0.2844,0,10,West,0,none
2024-01-22,1,51735.12,25,Retail,0.4017,0,26,South,0,none
2024-01-18,1,67689.46,34,SME,0.0448,1,10,North,0,none
2024-01-14,1,51012.78,23,Corporate,0.5476,0,5,East,1,none
2024-01-05,1,80911.22,26,Retail,0.4651,0,10,East,1,none
2024-01-06,1,76330.11,48,Corporate,0.367,1,18,South,1,none
2024-01-27,1,46265.54,53,SME,0.0226,0,21,North,0,none
2024-01-24,1,64573.56,42,Retail,0.2605,0,24,East,1,none
2024-01-25,1,59680.64,29,SME,0.6084,0,6,North,1,none
2024-01-28,1,70529.47,59,Retail,0.1689,0,3,East,0,none
2024-01-16,1,35526.15,29,Corporate,0.2656,0,8,South,0,none
2024-01-22,1,60290.77,24,Corporate,0.4919,1,9,South,1,none
2024-01-21,1,65876.37,24,Retail,0.3618,0,5,North,1,none
2024-01-12,1,23618.91,43,Retail,0.0329,1,29,West,1,none
2024-01-20,1,32251.12,27,Corporate,0.2198,1,2,West,1,none
2024-01-18,1,19411.52,23,Retail,0.2089,0,2,South,0,none
2024-01-02,1,45958.9,44,Corporate,0.2432,0,7,East,0,none
2024-01-23,1,60763.13,23,Retail,0.5012,0,17,West,0,none
2024-01-21,1,72535.36,59,SME,0.1365,0,10,South,0,none
2024-01-23,1,51111.42,38,Corporate,0.4254,2,12,East,1,none
2024-01-13,1,74429.23,56,SME,0.1324,0,2,East,0,none
2024-01-27,1,29298.48,55,Retail,0.5268,0,10,West,1,none
2024-01-17,1,24449.26,44,Corporate,0.1357,1,20,South,0,none
2024-01-17,1,49166.78,51,Corporate,0.1114,0,1,East,0,none
2024-01-16,1,55760.98,29,Retail,0.2934,0,4,East,0,none
2024-01-21,1,49509.58,43,Retail,0.2177,0,13,North,0,none
2024-01-18,1,18988.37,57,Retail,0.3545,1,12,North,0,none
2024-01-08,1,48663.2,26,Corporate,0.1583,0,11,West,0,none
2024-01-03,1,30432.96,34,Corporate,0.0554,0,29,North,1,none
2024-01-17,1,60045.09,50,Retail,0.3394,0,10,South,0,none
2024-01-18,1,55498.97,52,Corporate,0.1902,0,15,West,0,none
2024-01-26,1,35901.8,37,Retail,0.1069,0,5,West,0,none
2024-01-26,1,42292.0,63,Retail,0.1518,0,25,North,0,none
2024-01-23,1,34111.8,51,SME,0.336,0,17,East,0,none
2024-01-06,1,49059.81,37,SME,0.0656,0,28,South,0,none
2024-01-28,1,64327.13,33,Corporate,0.2748,0,5,South,0,none
2024-01-08,1,35214.11,38,Retail,0.4615,1,2,South,0,none
2024-01-23,1,57560.7,37,Corporate,0.136,0,9,West,0,none
2024-01-26,1,42046.14,33,Retail,0.1246,0,6,South,1,none
2024-01-13,1,38106.91,29,Retail,0.1875,0,18,East,0,none
2024-01-08,1,48394.54,41,Retail,0.3118,0,14,East,0,none
2024-01-19,1,34471.37,24,Corporate,0.6222,1,19,North,1,none
2024-01-06,1,41695.26,37,Corporate,0.1905,0,14,South,0,none
2024-01-23,1,32031.83,51,Retail,0.2069,1,8,West,0,none
2024-01-15,1,79470.88,44,Corporate,0.4385,1,17,North,0,none
2024-01-10,1,50528.95,49,SME,0.2367,1,28,East,0,none
2024-01-27,1,39504.12,61,Retail,0.1442,3,3,South,0,none
2024-01-17,1,53209.7,26,Corporate,0.1607,0,29,East,0,none
2024-01-01,1,48315.08,41,SME,0.2965,0,10,North,0,none
2024-01-07,1,46685.46,61,Retail,0.2572,0,17,East,1,none
2024-01-27,1,59212.5,22,Retail,0.1446,1,27,South,0,none
2024-01-13,1,61362.62,51,Corporate,0.1686,2,11,South,1,none
2024-01-03,1,42042.48,42,Corporate,0.0907,0,8,North,0,none
2024-01-19,1,41362.73,41,SME,0.5939,0,1,South,1,none
2024-01-15,1,45874.22,27,Retail,0.105,0,13,East,0,none
2024-01-05,1,15471.18,43,SME,0.2976,0,21,East,0,none
2024-01-11,1,27272.13,39,Retail,0.3826,2,4,West,1,none
2024-01-22,1,70503.11,29,Retail,0.2119,0,7,West,0,none
2024-01-18,1,74674.52,60,Corporate,0.1245,0,14,West,0,none
2024-01-03,1,46264.46,53,Retail,0.3073,0,5,East,0,none
2024-01-06,1,58648.35,54,Retail,0.0986,0,24,East,0,none
2024-01-03,1,54668.75,37,Retail,0.108,0,28,North,0,none
2024-01-05,1,96183.21,33,Retail,0.3773,0,11,West,0,none
2024-01-09,1,66793.62,59,Retail,0.1842,0,17,East,0,none
2024-01-28,1,48081.24,55,SME,0.0392,1,5,North,0,none
2024-01-19,1,35666.89,35,Retail,0.4811,0,20,East,1,none
2024-01-28,1,25903.31,57,Corporate,0.4409,0,3,North,1,none
2024-01-27,1,53051.95,54,Corporate,0.2481,0,5,West,1,none
2024-01-13,1,38654.74,44,SME,0.1196,0,26,West,0,none
2024-01-06,1,28666.19,23,Retail,0.3147,0,15,West,0,none
2024-01-11,1,40301.41,62,SME,0.3263,0,19,East,0,none
2024-01-21,1,33776.78,42,Corporate,0.3413,0,16,East,0,none
2024-01-21,1,75307.12,23,Corporate,0.3602,0,8,North,0,none
2024-01-27,1,63224.6,48,Corporate,0.1514,0,13,South,1,none
2024-01-14,1,49880.41,30,SME,0.3312,0,16,South,0,none
2024-01-06,1,72199.16,22,Retail,0.0739,0,3,West,1,none
2024-01-06,1,51160.52,32,Corporate,0.2645,1,1,South,1,none
2024-01-17,1,37080.74,24,Corporate,0.3876,0,9,West,1,none
2024-01-11,1,72846.86,44,Corporate,0.3586,0,9,North,1,none
2024-01-15,1,58083.65,47,SME,0.2518,0,22,South,0,none
2024-01-09,1,34441.31,25,Retail,0.193,1,26,South,0,none
2024-01-21,1,47144.92,39,SME,0.23,0,17,West,0,none
2024-01-17,1,36865.73,27,Retail,0.1533,0,24,North,0,none
2024-01-24,1,29258.0,56,Retail,0.1258,0,2,South,0,none
2024-01-07,1,63892.66,43,Retail,0.3581,0,9,South,0,none
2024-01-07,1,78641.25,64,Retail,0.0789,0,24,South,0,none
2024-01-21,1,29021.49,36,Corporate,0.032,0,19,North,0,none
2024-01-01,1,58444.54,43,Retail,0.2358,1,13,North,1,none
2024-01-25,1,40240.36,58,Retail,0.1927,0,5,South,0,none
2024-01-27,1,42693.12,63,SME,0.2523,0,9,West,0,none
2024-01-25,1,41114.09,33,SME,0.1609,0,13,West,0,none
2024-01-08,1,37040.14,63,SME,0.4083,0,1,South,0,none
2024-01-05,1,50727.82,59,SME,0.292,1,25,North,1,none
2024-01-19,1,37535.75,39,Corporate,0.1538,1,15,South,0,none
2024-01-08,1,54056.85,56,Retail,0.1373,0,4,North,0,none
2024-01-17,1,49246.43,51,Retail,0.3415,1,4,South,1,none
2024-01-19,1,46415.78,45,Corporate,0.2747,0,20,North,0,none
2024-01-12,1,36386.55,63,Retail,0.2634,0,10,East,0,none
2024-01-27,1,41348.43,51,Corporate,0.299,0,28,West,0,none
2024-01-23,1,61330.87,35,Retail,0.3284,0,25,East,0,none
2024-01-15,1,57513.76,27,Retail,0.1538,0,6,West,0,none
2024-01-04,1,35336.67,24,Corporate,0.1607,0,27,North,0,none
2024-01-23,1,51489.98,37,Corporate,0.132,0,24,East,0,none
2024-01-12,1,61270.81,28,Corporate,0.2031,0,12,West,0,none
2024-01-27,1,24958.92,35,Corporate,0.2963,1,20,South,0,none
2024-01-13,1,58150.4,30,Retail,0.2989,0,16,North,0,none
2024-01-14,1,40060.64,36,Retail,0.0447,1,3,North,0,none
2024-01-05,1,58558.98,42,SME,0.6332,1,14,South,1,none
2024-01-22,1,38551.11,56,Corporate,0.4687,0,1,South,0,none
2024-01-16,1,22926.77,23,Retail,0.1333,1,10,West,1,none
2024-01-07,1,25586.86,48,SME,0.1714,0,15,North,0,none
2024-01-15,1,50721.27,23,Retail,0.3763,1,7,West,1,none
2024-01-13,1,53895.84,56,Retail,0.3931,1,4,South,1,none
2024-01-26,1,36435.25,39,Retail,0.3858,0,14,North,0,none
2024-01-16,1,59578.89,35,Corporate,0.1903,0,24,South,0,none
2024-01-12,1,25077.2,41,Corporate,0.332,0,16,West,0,none
2024-01-07,1,49008.8,39,Retail,0.524,0,14,West,0,none
2024-01-16,1,31834.76,31,SME,0.2287,0,3,West,0,none
2024-01-23,1,40222.46,46,Retail,0.2991,0,17,North,0,none
2024-01-23,1,50710.98,23,Retail,0.436,0,21,South,0,none
2024-01-27,1,37093.8,46,Retail,0.0635,2,14,South,0,none
2024-01-13,1,44231.67,54,Retail,0.2349,1,18,West,0,none
2024-01-23,1,65094.39,57,Retail,0.4095,1,3,West,0,none
2024-01-03,1,41346.62,52,Corporate,0.1244,3,22,West,0,none
2024-01-15,1,62535.38,35,SME,0.4313,0,19,West,0,none
2024-01-28,1,33054.4,22,Corporate,0.0256,0,3,East,0,none
2024-01-03,1,57947.06,37,Retail,0.3316,0,12,East,0,none
2024-01-07,1,71623.53,24,Retail,0.4763,0,22,East,0,none
2024-01-18,1,12925.33,56,Retail,0.2411,0,5,West,0,none
2024-01-14,1,38046.57,62,Retail,0.2811,0,10,West,0,none
2024-01-18,1,58656.08,27,Corporate,0.1935,0,9,South,0,none
2024-01-19,1,46954.32,46,Retail,0.2191,0,1,North,0,none
2024-01-14,1,55567.19,34,Corporate,0.2301,0,13,South,0,none
2024-01-20,1,40940.22,55,SME,0.3791,0,3,East,0,none
2024-01-06,1,51298.85,29,Retail,0.4658,0,19,South,0,none
2024-01-08,1,47664.84,42,SME,0.1175,0,11,West,0,none
2024-01-26,1,67516.73,55,Corporate,0.4314,1,16,East,0,none
2024-01-26,1,53816.31,25,Corporate,0.1676,0,6,East,0,none
2024-01-07,1,55064.04,46,Corporate,0.047,0,24,North,0,none
2024-01-20,1,43821.85,36,Retail,0.1841,0,3,North,0,none
2024-01-18,1,42685.91,25,Retail,0.3584,0,19,East,0,none
2024-01-18,1,43511.63,33,Retail,0.4865,0,6,East,0,none
2024-01-15,1,55916.78,53,Retail,0.0766,0,8,South,0,none
2024-01-20,1,43685.23,53,Corporate,0.3397,0,22,East,0,none
2024-01-22,1,54346.62,49,Retail,0.4694,0,13,West,0,none
2024-01-19,1,81131.01,34,SME,0.2258,0,12,South,0,none
2024-01-22,1,63066.87,52,Corporate,0.393,0,10,West,1,none
2024-01-21,1,45109.65,35,Retail,0.0482,0,3,West,0,none
2024-01-21,1,68018.21,41,Retail,0.3815,0,4,West,0,none
2024-01-02,1,43878.87,39,SME,0.2077,0,1,East,0,none
2024-01-08,1,19428.13,50,SME,0.1077,0,13,North,0,none
2024-01-21,1,34878.71,27,Corporate,0.3778,1,24,North,0,none
2024-01-11,1,21938.12,53,Retail,0.1613,0,4,West,1,none
2024-01-18,1,44727.3,50,Retail,0.1932,1,22,East,0,none
2024-01-23,1,50276.28,64,Retail,0.1609,0,11,South,0,none
2024-01-13,1,75146.56,23,Retail,0.3468,2,19,West,1,none
2024-01-09,1,54903.91,44,Corporate,0.432,1,11,South,1,none
2024-01-09,1,46713.49,40,Corporate,0.0972,0,12,South,0,none
2024-01-17,1,62441.08,52,Corporate,0.1229,1,11,East,0,none
2024-01-07,1,16832.97,26,SME,0.2508,0,6,East,0,none
2024-01-09,1,53534.22,40,Corporate,0.3352,2,12,North,0,none
2024-01-22,1,61562.98,55,Retail,0.1557,0,27,North,0,none
2024-01-01,1,27821.21,31,Retail,0.2134,0,9,East,0,none
2024-01-02,1,67156.31,46,SME,0.0582,0,25,West,0,none
2024-01-04,1,55077.45,23,Retail,0.1446,0,10,North,0,none
2024-01-14,1,43770.68,32,SME,0.3092,2,3,South,0,none
2024-01-04,1,59491.73,52,SME,0.2021,0,3,West,0,none
2024-01-02,1,84060.39,36,Retail,0.3712,0,20,South,1,none
2024-01-08,1,52727.99,30,Corporate,0.1349,0,28,East,0,none
2024-01-18,1,53723.31,44,SME,0.3402,0,23,South,0,none
2024-01-19,1,43109.59,40,Corporate,0.6243,0,16,West,1,none
2024-01-14,1,37252.33,30,SME,0.3594,0,3,East,1,none
2024-01-20,1,62455.04,56,SME,0.3367,0,10,West,0,none
2024-01-25,1,37158.74,42,Retail,0.1098,0,24,South,0,none
2024-01-10,1,51073.49,30,Retail,0.5419,0,11,West,0,none
2024-01-17,1,42835.14,49,SME,0.2106,0,8,East,0,none
2024-01-08,1,57184.7,28,Corporate,0.4107,0,6,South,0,none
2024-01-28,1,55004.93,37,Retail,0.2521,0,20,South,0,none
2024-01-14,1,65563.1,37,Retail,0.1411,0,11,North,0,none
2024-01-21,1,42349.75,54,Corporate,0.0137,0,28,North,0,none
2024-01-23,1,45951.88,25,SME,0.2831,1,27,West,0,none
2024-01-08,1,35318.54,25,SME,0.4832,0,21,North,1,none
2024-01-05,1,43335.6,60,Corporate,0.2037,0,12,North,0,none
2024-01-16,1,55659.51,61,Retail,0.0078,0,16,North,0,none
2024-01-08,1,61354.83,38,Retail,0.3371,0,18,North,0,none
2024-01-10,1,36167.52,58,SME,0.7422,1,13,East,0,none
2024-01-27,1,63044.09,60,Retail,0.1376,1,22,East,0,none
2024-01-08,1,70334.57,50,Retail,0.0523,0,3,North,0,none
2024-01-09,1,56201.52,57,Retail,0.3069,0,15,West,0,none
2024-01-18,1,78151.94,59,Corporate,0.1519,0,22,East,0,none
2024-01-03,1,38393.16,60,SME,0.2882,0,28,North,1,none
2024-01-17,1,31330.18,58,Retail,0.1883,0,21,East,0,none
2024-01-20,1,23319.2,56,Retail,0.1822,1,14,South,1,none
2024-01-15,1,72440.66,28,Corporate,0.122,0,18,East,0,none
2024-01-21,1,59815.48,48,SME,0.2046,1,28,East,0,none
2024-01-27,1,49166.23,49,Retail,0.4162,0,29,West,1,none
2024-01-17,1,54199.53,43,Retail,0.0429,1,14,East,0,none
2024-01-08,1,33117.66,35,Retail,0.406,0,5,West,0,none
2024-01-02,1,86686.28,28,SME,0.4327,0,21,South,1,none
2024-01-17,1,51938.32,58,Retail,0.4255,0,14,North,1,none
2024-01-18,1,51640.92,43,Retail,0.5374,0,25,West,1,none
2024-01-05,1,60886.5,26,Corporate,0.135,0,27,East,0,none
2024-01-09,1,57215.14,23,Corporate,0.1344,2,8,East,0,none
2024-01-09,1,53358.26,48,Retail,0.2824,2,28,West,1,none
2024-01-02,1,38142.88,42,SME,0.1805,0,28,South,0,none
2024-01-02,1,57072.03,59,Retail,0.4097,1,23,North,1,none
2024-01-19,1,78230.37,36,Corporate,0.0605,0,15,East,0,none
2024-01-23,1,70181.3,42,Retail,0.5635,0,28,South,0,none
2024-01-27,1,73897.8,31,Corporate,0.2496,1,29,North,0,none
2024-01-03,1,42331.76,44,Retail,0.3879,1,15,North,0,none
2024-01-17,1,35155.93,60,SME,0.1214,0,19,East,0,none
2024-01-14,1,48113.2,26,Corporate,0.4087,0,26,West,1,none
2024-01-14,1,50835.87,22,Corporate,0.1759,1,20,East,1,none
2024-01-14,1,66412.87,34,Corporate,0.5179,0,6,East,0,none
2024-01-06,1,24613.03,42,Corporate,0.1594,0,19,East,0,none
2024-01-03,1,72943.25,47,Retail,0.2744,0,27,South,0,none
2024-01-01,1,47629.88,42,Retail,0.0817,0,25,West,0,none
2024-01-16,1,43596.78,39,SME,0.0677,0,8,South,0,none
2024-01-04,1,34818.43,58,Retail,0.2582,0,6,East,1,none
2024-01-01,1,25177.15,53,Corporate,0.1243,0,20,West,0,none
2024-01-17,1,62347.56,57,SME,0.0638,0,23,North,0,none
2024-01-28,1,51099.77,38,Retail,0.4416,0,29,West,0,none
2024-01-18,1,30650.59,56,Corporate,0.4731,0,15,East,0,none
2024-01-26,1,30573.82,32,Retail,0.3133,1,27,West,0,none
2024-01-08,1,44963.23,42,Corporate,0.356,0,3,North,0,none
2024-01-02,1,75035.32,47,Retail,0.4011,0,10,North,0,none
2024-01-27,1,46106.13,25,Retail,0.3351,0,15,West,0,none
2024-01-18,1,27452.86,55,Corporate,0.1469,0,24,North,1,none
2024-01-27,1,46313.85,39,SME,0.46,1,16,South,0,none
2024-01-27,1,45909.15,61,Corporate,0.3103,0,17,West,0,none
2024-01-16,1,9546.7,56,Corporate,0.0587,0,19,North,0,none
2024-01-26,1,49185.58,62,Retail,0.3389,1,11,North,1,none
2024-01-10,1,46535.98,50,Corporate,0.2582,0,16,West,0,none
2024-01-08,1,60443.1,50,Retail,0.3661,2,5,South,1,none
2024-01-12,1,77734.34,59,SME,0.1867,0,5,West,0,none
2024-01-22,1,66898.48,63,SME,0.146,1,26,North,0,none
2024-01-16,1,45966.67,42,Corporate,0.055,1,14,West,0,none
2024-01-12,1,33402.11,63,SME,0.3394,1,18,North,0,none
2024-01-11,1,88600.4,34,Retail,0.1892,0,26,East,0,none
2024-01-20,1,50888.28,62,Corporate,0.2174,1,8,West,0,none
2024-01-19,1,50208.94,38,Retail,0.2641,0,5,West,1,none
2024-01-01,1,49638.12,30,SME,0.3188,0,7,North,1,none
2024-01-27,1,52971.27,62,Retail,0.2662,1,16,North,0,none
2024-01-03,1,47834.59,22,Corporate,0.1256,0,23,North,0,none
2024-01-12,1,41395.07,23,SME,0.4009,0,14,North,0,none
2024-01-09,1,41797.12,50,Retail,0.2123,0,5,West,0,none
2024-01-21,1,49508.7,54,Retail,0.033,1,24,North,0,none
2024-01-22,1,41848.63,31,Corporate,0.4228,0,9,West,1,none
2024-01-05,1,39307.31,61,Retail,0.211,0,4,South,1,none
2024-01-01,1,51596.45,42,Retail,0.2603,1,4,West,0,none
2024-01-10,1,46175.34,49,Retail,0.3981,0,16,North,1,none
2024-01-17,1,72559.89,32,Retail,0.4741,0,24,North,0,none
2024-01-04,1,10235.45,55,SME,0.2657,0,17,South,0,none
2024-01-15,1,66372.6,29,Corporate,0.3548,0,15,West,0,none
2024-01-19,1,68691.28,43,Retail,0.0941,0,4,South,0,none
2024-01-27,1,18899.15,29,Retail,0.1398,0,6,West,0,none
2024-01-08,1,44859.69,36,Retail,0.1097,0,16,North,0,none
2024-01-28,1,44428.39,38,Retail,0.5503,1,29,West,0,none
2024-01-28,1,28887.32,44,Retail,0.2867,1,4,North,0,none
2024-01-23,1,38332.75,45,Retail,0.0763,1,6,North,1,none
2024-01-15,1,33341.36,40,Retail,0.7825,2,5,East,1,none
2024-01-27,1,76284.06,26,Corporate,0.3472,0,16,East,0,none
2024-01-07,1,64035.18,53,Retail,0.2732,0,25,West,0,none
2024-01-15,1,69073.33,22,Corporate,0.2593,0,16,North,0,none
2024-01-08,1,60825.08,44,Corporate,0.1446,0,10,South,0,none
2024-01-26,1,33064.22,58,Corporate,0.1934,1,9,North,1,none
2024-01-23,1,42132.2,29,Corporate,0.2161,0,4,South,0,none
2024-01-10,1,57340.62,34,Corporate,0.3635,1,29,West,1,none
2024-01-18,1,31668.08,29,SME,0.4596,0,14,West,0,none
2024-01-04,1,60694.98,44,Corporate,0.5503,1,4,South,0,none
2024-01-15,1,46395.12,64,Corporate,0.3894,0,12,South,1,none
2024-01-11,1,44377.69,22,SME,0.093,3,24,North,1,none
2024-01-22,1,60664.4,45,Corporate,0.4212,1,10,West,1,none
2024-01-03,1,56663.95,56,Retail,0.0351,0,4,North,0,none
2024-01-15,1,44585.51,45,Retail,0.1276,0,18,South,1,none
2024-01-03,1,67389.95,38,Retail,0.2634,0,13,East,1,none
2024-01-15,1,33784.05,26,SME,0.1966,0,13,East,0,none
2024-01-06,1,59239.03,41,Corporate,0.1978,0,14,East,0,none
2024-01-01,1,58896.52,42,SME,0.3373,0,18,South,0,none
2024-01-14,1,45356.8,61,Corporate,0.5061,0,1,North,1,none
2024-01-16,1,54892.0,52,Retail,0.113,1,21,West,0,none
2024-01-01,1,31233.3,57,Retail,0.2016,0,16,South,0,none
2024-01-21,1,63860.41,32,Corporate,0.2888,0,15,East,0,none
2024-01-17,1,47226.47,36,Corporate,0.2798,0,22,North,0,none
2024-01-26,1,42159.15,40,SME,0.2938,0,25,West,0,none
2024-01-08,1,65735.14,28,Retail,0.0881,0,5,West,0,none
2024-01-18,1,39434.84,49,Corporate,0.0107,0,29,South,0,none
2024-01-16,1,28873.08,64,Corporate,0.3938,1,6,South,0,none
2024-01-06,1,26650.56,26,Corporate,0.3125,0,6,West,0,none
2024-01-10,1,59090.15,26,Corporate,0.1784,0,3,West,0,none
2024-01-10,1,30793.56,51,Corporate,0.4126,0,16,East,0,none
2024-01-05,1,76321.91,53,Retail,0.4059,0,12,West,0,none
2024-01-26,1,18771.06,29,Corporate,0.0901,0,4,South,0,none
2024-01-28,1,75446.85,31,Corporate,0.2383,0,1,North,0,none
2024-01-12,1,53165.26,59,SME,0.4507,1,4,East,1,none
2024-01-20,1,48549.3,53,SME,0.3195,0,1,East,0,none
2024-01-17,1,41826.21,49,Retail,0.1408,1,21,West,0,none
2024-01-14,1,55987.04,38,Retail,0.571,1,27,North,0,none
2024-01-14,1,49435.48,52,SME,0.2867,0,27,East,0,none
2024-01-03,1,66549.53,29,Corporate,0.2144,1,8,South,1,none
2024-01-12,1,51713.41,61,SME,0.5384,1,24,West,1,none
2024-01-20,1,52254.53,46,Retail,0.4685,2,5,South,1,none
2024-01-18,1,44545.82,30,Corporate,0.3337,0,26,West,0,none
2024-01-12,1,49145.82,23,SME,0.1841,0,2,East,0,none
2024-01-02,1,54617.03,36,SME,0.3426,1,12,West,0,none
2024-01-02,1,24347.47,24,Retail,0.1094,0,22,North,1,none
2024-01-27,1,29777.22,57,Corporate,0.3299,0,17,South,0,none
2024-01-17,1,61148.96,25,Corporate,0.1427,0,7,North,0,none
2024-01-10,1,52562.98,35,Retail,0.2936,0,11,South,0,none
2024-01-18,1,47240.25,62,Corporate,0.4359,0,4,South,0,none
2024-01-22,1,50276.51,62,Corporate,0.5147,1,5,West,0,none
2024-01-19,1,55213.73,46,SME,0.334,1,6,East,0,none
2024-01-26,1,41903.6,31,Retail,0.3459,0,11,East,1,none
2024-01-21,1,38325.43,42,Retail,0.4204,0,1,North,0,none
2024-01-01,1,52937.68,57,Retail,0.3458,0,25,West,0,none
2024-01-24,1,35324.41,33,Retail,0.4437,0,10,East,0,none
2024-01-04,1,56123.79,48,Retail,0.4399,1,20,South,1,none
2024-01-25,1,24461.25,61,Corporate,0.1428,0,24,South,0,none
2024-01-04,1,65437.33,23,Retail,0.1457,0,21,West,0,none
2024-01-02,1,57088.96,34,SME,0.0831,0,11,North,0,none
2024-01-19,1,53840.45,53,SME,0.2167,1,24,West,1,none
2024-01-21,1,64740.36,52,Corporate,0.5177,0,17,North,0,none
2024-01-12,1,74982.12,37,SME,0.3486,0,8,West,0,none
2024-01-10,1,65215.55,53,Corporate,0.4082,0,27,South,0,none
2024-01-13,1,22386.89,53,Corporate,0.1157,0,13,West,0,none
2024-01-22,1,30806.35,55,Retail,0.4074,0,27,East,0,none
2024-01-23,1,40627.72,32,Retail,0.1914,0,20,East,0,none
2024-01-20,1,50391.37,31,Corporate,0.4209,0,18,West,1,none
2024-01-23,1,57764.89,36,SME,0.1433,0,27,North,0,none
2024-01-15,1,39113.84,38,Retail,0.1133,1,22,North,0,none
2024-01-26,1,52801.5,61,SME,0.4632,1,16,South,1,none
2024-01-03,1,38669.26,39,Corporate,0.4047,0,2,South,0,none
2024-01-23,1,40827.23,30,Retail,0.0769,0,5,North,0,none
2024-01-20,1,28900.08,46,SME,0.2027,0,18,West,0,none
2024-01-13,1,36151.5,61,Corporate,0.0588,0,3,South,0,none
2024-01-08,1,29724.73,35,Retail,0.3354,0,27,North,0,none
2024-01-25,1,35361.9,46,Corporate,0.2068,0,22,North,1,none
2024-01-07,1,65804.63,43,Retail,0.2242,0,17,West,0,none
2024-01-24,1,35759.02,51,Corporate,0.4401,1,16,East,1,none
2024-01-08,1,89485.73,41,Retail,0.0585,0,6,North,0,none
2024-01-18,1,57399.77,42,Retail,0.0625,0,19,South,0,none
2024-01-09,1,52772.54,53,SME,0.3535,0,7,West,0,none
2024-01-06,1,37124.63,42,Corporate,0.0318,0,18,West,0,none
2024-01-27,1,60504.65,56,Retail,0.1049,1,14,West,0,none
2024-01-04,1,41365.43,53,Retail,0.3108,1,6,East,0,none
2024-01-15,1,51830.15,51,SME,0.0557,0,8,East,0,none
2024-01-05,1,88401.27,60,Retail,0.2996,0,15,South,0,none
2024-01-26,1,48559.1,33,Retail,0.4036,0,15,South,1,none
2024-01-05,1,67239.1,62,Retail,0.3271,0,15,West,0,none
2024-01-07,1,39452.35,39,Retail,0.1932,0,16,South,0,none
2024-01-09,1,49475.17,42,SME,0.1577,0,1,North,0,none
2024-01-07,1,76562.01,34,Corporate,0.3965,0,11,East,0,none
2024-01-09,1,40595.49,42,Retail,0.2408,0,27,West,0,none
2024-01-20,1,77186.73,29,Corporate,0.2033,1,29,West,0,none
2024-01-10,1,60616.28,61,Retail,0.3214,2,25,North,0,none
2024-01-26,1,41563.0,28,SME,0.2068,0,5,North,0,none
2024-01-04,1,59486.12,44,SME,0.0502,0,5,North,0,none
2024-01-06,1,64588.32,53,Retail,0.5348,1,29,North,1,none
2024-01-24,1,59327.15,32,SME,0.5119,1,28,West,0,none
2024-01-14,1,26446.63,43,Corporate,0.6137,1,21,East,1,none
2024-01-09,1,39092.94,43,Retail,0.1874,0,6,East,0,none
2024-01-01,1,46287.22,64,Retail,0.6417,0,2,North,0,none
2024-01-17,1,48883.5,46,Retail,0.3847,0,6,South,0,none
2024-01-13,1,59310.08,43,Corporate,0.1036,0,14,West,0,none
2024-01-24,1,52665.52,49,SME,0.4576,0,11,East,0,none
2024-01-27,1,29969.83,50,Corporate,0.6578,1,4,North,0,none
2024-01-07,1,55702.97,34,SME,0.543,2,24,South,0,none
2024-01-09,1,59158.79,39,Corporate,0.3641,1,29,South,0,none
2024-01-11,1,58396.86,23,SME,0.2079,1,27,North,0,none
2024-01-03,1,66211.71,50,Corporate,0.4933,0,25,West,0,none
2024-01-26,1,62508.83,42,Retail,0.0516,0,9,East,0,none
2024-01-12,1,56887.7,36,Corporate,0.1517,0,24,South,0,none
2024-01-21,1,48947.51,48,SME,0.1072,0,3,East,0,none
2024-01-03,1,25085.59,52,Retail,0.222,0,26,East,0,none
2024-01-15,1,56444.27,36,SME,0.3728,0,16,South,0,none
2024-01-21,1,53115.32,44,Retail,0.2467,1,11,North,0,none
2024-01-10,1,54073.68,45,Corporate,0.1146,0,27,South,0,none
2024-01-01,1,30848.77,34,SME,0.0665,0,4,South,0,none
2024-01-14,1,33784.15,43,Retail,0.268,1,1,West,0,none
2024-01-27,1,65797.29,64,Retail,0.3198,0,25,East,0,none
2024-01-20,1,49406.67,58,Retail,0.1773,0,21,North,0,none
2024-01-06,1,60222.51,54,SME,0.3866,0,22,East,1,none
2024-01-02,1,50424.78,24,Retail,0.0819,0,16,South,0,none
2024-01-23,1,50446.34,40,SME,0.6341,1,19,North,0,none
2024-01-08,1,64074.26,44,Retail,0.5749,1,16,North,1,none
2024-01-01,1,42259.33,50,SME,0.243,1,11,North,0,none
2024-01-04,1,51441.81,51,SME,0.3553,3,26,North,1,none
2024-01-27,1,43065.87,60,Retail,0.2942,0,8,West,0,none
2024-01-04,1,43482.56,46,Corporate,0.2882,0,23,North,0,none
2024-01-05,1,45362.42,58,Retail,0.1828,0,1,South,0,none
2024-01-28,1,53332.01,29,Corporate,0.1064,0,26,West,0,none
2024-01-28,1,42818.77,63,Retail,0.2891,0,28,South,0,none
2024-01-20,1,68836.34,37,Retail,0.1288,0,21,South,0,none
2024-01-09,1,36580.89,29,Retail,0.2898,0,26,East,0,none
2024-01-23,1,47196.93,22,Retail,0.3229,0,9,North,0,none
2024-01-13,1,43404.03,26,Retail,0.3082,0,28,North,0,none
2024-01-18,1,71704.67,24,Corporate,0.1556,0,27,South,0,none
2024-01-17,1,52948.32,22,SME,0.4324,0,12,North,0,none
2024-01-25,1,65477.67,25,Retail,0.3597,0,22,West,0,none
2024-01-01,1,27716.59,61,Corporate,0.191,0,8,East,0,none
2024-01-22,1,54005.75,56,Retail,0.1681,4,26,North,0,none
2024-01-15,1,63344.46,53,SME,0.5176,0,17,North,1,none
2024-01-02,1,51234.26,63,SME,0.2556,0,10,West,0,none
2024-01-16,1,65982.21,55,SME,0.2556,0,27,East,0,none
2024-01-20,1,42240.67,64,SME,0.0259,0,7,West,0,none
2024-01-22,1,71140.21,46,Retail,0.4155,0,19,South,0,none
2024-01-05,1,84483.47,31,SME,0.5688,0,25,South,1,none
2024-01-27,1,44557.42,42,Corporate,0.236,0,6,North,0,none
2024-01-22,1,43317.46,60,Retail,0.0472,1,21,East,0,none
2024-01-19,1,71800.77,48,SME,0.202,0,24,South,0,none
2024-01-05,1,73693.58,48,Retail,0.3296,0,24,West,0,none
2024-01-02,1,42157.1,23,Corporate,0.3404,0,28,South,0,none
2024-01-07,1,43697.2,62,Retail,0.2919,0,28,South,0,none
2024-01-03,1,45773.23,34,Retail,0.1104,1,19,West,0,none
2024-01-17,1,29833.24,30,Corporate,0.4322,0,18,North,1,none
2024-01-24,1,36220.22,57,Corporate,0.1931,0,15,East,0,none
2024-01-24,1,34937.89,43,Retail,0.0702,0,2,North,0,none
2024-01-03,1,38483.04,63,Retail,0.3236,1,14,West,0,none
2024-01-13,1,49479.73,47,SME,0.1391,1,21,South,0,none
2024-01-07,1,53513.22,33,Retail,0.1573,1,10,East,0,none
2024-01-25,1,73257.51,38,Retail,0.1288,0,28,North,0,none
2024-01-24,1,35024.69,35,SME,0.1259,0,16,West,0,none
2024-01-03,1,64764.84,35,SME,0.2097,0,7,South,0,none
2024-01-15,1,46790.17,55,Retail,0.1773,0,8,South,0,none
2024-01-18,1,49258.04,41,Corporate,0.0906,1,10,North,0,none
2024-01-10,1,60122.29,32,SME,0.0951,1,15,West,1,none
2024-01-23,1,33159.17,37,SME,0.3577,0,8,South,0,none
2024-01-07,1,55736.15,52,Corporate,0.1682,0,13,South,1,none
2024-01-09,1,52496.78,27,Retail,0.4639,2,12,East,1,none
2024-01-05,1,57386.77,40,Retail,0.1802,0,8,South,0,none
2024-01-20,1,54337.53,58,Retail,0.2331,0,15,North,0,none
2024-01-08,1,86829.5,25,Corporate,0.133,2,26,West,0,none
2024-01-14,1,40433.9,25,Retail,0.0565,0,12,West,0,none
2024-01-04,1,42035.05,41,Corporate,0.1317,0,11,East,0,none
2024-01-20,1,40652.89,31,Retail,0.3367,0,19,West,0,none
2024-01-28,1,41667.84,45,Retail,0.0603,0,14,North,0,none
2024-01-14,1,40439.19,56,SME,0.2429,0,27,South,0,none
2024-01-12,1,67835.25,47,Retail,0.3151,1,18,East,1,none
2024-01-02,1,71307.56,58,Retail,0.5465,1,13,West,1,none
2024-01-13,1,41438.81,59,SME,0.2381,0,4,East,0,none
2024-01-01,1,37514.67,42,Retail,0.127,0,17,East,0,none
2024-01-20,1,57071.23,61,Corporate,0.4249,0,19,West,0,none
2024-01-07,1,41716.65,60,Corporate,0.2617,0,27,East,0,none
2024-01-28,1,59493.98,42,Retail,0.1617,0,9,West,0,none
2024-01-25,1,53043.85,31,SME,0.1516,0,23,North,0,none
2024-01-09,1,27263.84,59,Corporate,0.4297,0,7,West,0,none
2024-01-28,1,73212.58,25,Retail,0.3105,0,1,South,1,none
2024-01-26,1,76938.17,41,Retail,0.1445,0,7,West,0,none
2024-01-17,1,40808.17,38,Retail,0.4581,0,26,South,1,none
2024-01-21,1,44184.48,28,SME,0.1246,0,7,East,0,none
2024-01-23,1,54287.98,25,Retail,0.5934,1,20,West,1,none
2024-01-13,1,55016.85,50,Corporate,0.3338,1,7,South,1,none
2024-01-23,1,59878.16,35,Corporate,0.5223,1,8,West,1,none
2024-01-10,1,80153.07,24,Corporate,0.0765,1,16,West,0,none
2024-01-16,1,47345.79,45,Retail,0.3835,0,3,West,0,none
2024-01-06,1,38025.54,58,Retail,0.455,0,13,North,0,none
2024-01-16,1,29310.21,37,Corporate,0.4808,0,10,South,0,none
2024-01-11,1,39036.05,25,Retail,0.0846,0,18,North,0,none
2024-01-26,1,49503.1,45,Retail,0.5502,0,7,North,0,none
2024-01-20,1,76918.37,55,Retail,0.5552,0,21,South,1,none
2024-01-03,1,42235.83,51,Retail,0.3494,0,21,West,0,none
2024-01-28,1,53356.82,39,SME,0.4769,1,5,North,1,none
2024-01-09,1,49753.66,40,Retail,0.4216,0,23,North,0,none
2024-01-15,1,67825.9,52,Retail,0.0193,0,25,North,0,none
2024-01-28,1,87903.99,40,Retail,0.3716,0,27,West,1,none
2024-01-13,1,42036.97,40,Corporate,0.2343,0,24,North,0,none
2024-01-10,1,42658.41,43,Corporate,0.2145,0,22,East,1,none
2024-01-20,1,65662.41,45,Retail,0.4297,0,7,South,0,none
2024-01-24,1,60228.37,33,Corporate,0.2104,2,25,East,0,none
2024-01-13,1,77700.61,51,Corporate,0.3567,0,27,West,1,none
2024-01-17,1,58758.92,59,SME,0.178,0,22,North,0,none
2024-01-07,1,44610.62,52,SME,0.2446,0,17,South,1,none
2024-01-28,1,58859.82,57,Retail,0.2684,0,4,North,1,none
2024-01-06,1,66630.55,40,Retail,0.0678,0,24,West,0,none
2024-01-13,1,62307.23,57,Retail,0.2616,0,23,South,0,none
2024-01-28,1,57609.11,51,Retail,0.3356,1,16,East,0,none
2024-01-17,1,66000.12,54,SME,0.3838,1,19,South,0,none
2024-01-15,1,67539.43,39,Retail,0.1948,0,10,North,0,none
2024-01-04,1,70732.38,49,Retail,0.3442,0,3,South,0,none
2024-01-28,1,59730.65,32,Corporate,0.1441,0,27,West,0,none
2024-01-15,1,47493.23,54,Corporate,0.0988,0,3,West,0,none
2024-01-14,1,52200.71,38,Retail,0.2367,0,28,South,0,none
2024-01-21,1,68097.63,27,Retail,0.259,0,17,West,0,none
2024-01-11,1,37745.96,25,Retail,0.3318,0,10,West,0,none
2024-01-24,1,55530.1,41,Corporate,0.1484,0,17,West,1,none
2024-01-04,1,44099.92,48,Retail,0.2232,1,22,East,0,none
2024-01-03,1,50431.17,36,Retail,0.0367,0,17,North,0,none
2024-01-02,1,69176.78,27,Corporate,0.2177,0,21,West,0,none
2024-01-20,1,52866.49,35,Retail,0.6946,0,4,South,0,none
2024-01-27,1,50696.55,32,Corporate,0.1049,0,21,West,1,none
2024-01-10,1,29602.16,60,Retail,0.4953,0,23,East,0,none
2024-01-13,1,61193.8,30,Retail,0.2512,0,6,South,0,none
2024-01-20,1,59682.26,47,SME,0.2756,0,12,North,0,none
2024-01-26,1,82448.82,37,Corporate,0.099,1,25,South,0,none
2024-01-21,1,45383.33,26,Retail,0.3066,0,22,South,0,none
2024-01-23,1,53287.25,31,Corporate,0.1951,0,25,South,0,none
2024-01-25,1,53740.76,24,Corporate,0.2602,0,20,South,0,none
2024-01-18,1,73661.8,34,Corporate,0.1908,1,17,West,0,none
2024-01-21,1,48570.57,64,Retail,0.1164,0,17,North,0,none
2024-01-16,1,54185.32,51,SME,0.2768,0,10,West,0,none
2024-01-11,1,59118.45,27,Retail,0.326,0,7,East,0,none
2024-01-10,1,52799.14,38,Retail,0.1977,0,29,East,0,none
2024-01-09,1,43303.5,40,Retail,0.1498,0,16,South,0,none
2024-01-12,1,52911.35,63,Retail,0.1639,0,29,West,1,none
2024-01-19,1,66104.48,56,SME,0.4158,0,13,West,0,none
2024-01-01,1,34602.27,47,Retail,0.3026,0,3,North,0,none
2024-01-18,1,51994.55,26,Retail,0.3278,0,2,North,0,none
2024-01-14,1,39498.19,50,SME,0.3687,0,16,North,0,none
2024-01-22,1,67925.7,58,Retail,0.0491,1,6,West,0,none
2024-01-21,1,27152.2,41,Retail,0.1137,0,6,North,0,none
2024-01-01,1,41616.17,42,Retail,0.5423,0,13,North,0,none
2024-01-17,1,55658.18,31,Retail,0.0655,0,7,North,0,none
2024-01-11,1,73482.86,26,Retail,0.1927,0,5,South,0,none
2024-01-20,1,49013.75,57,Corporate,0.4477,1,24,East,0,none
2024-01-28,1,41672.01,27,Retail,0.2233,0,7,East,1,none
2024-01-15,1,78217.36,47,Retail,0.1565,0,2,West,0,none
2024-01-04,1,28279.79,25,Corporate,0.2419,0,17,West,1,none
2024-01-15,1,17017.91,60,Corporate,0.2385,0,13,South,0,none
2024-01-22,1,56600.22,60,Retail,0.1722,1,25,East,0,none
2024-01-22,1,42469.19,56,Corporate,0.0204,0,21,North,0,none
2024-01-26,1,34681.51,22,Retail,0.1132,0,28,North,0,none
2024-01-14,1,60625.35,45,Retail,0.245,0,27,West,0,none
2024-01-22,1,53657.01,57,Corporate,0.1755,1,21,East,0,none
2024-01-01,1,41538.82,27,Retail,0.412,0,28,West,0,none
2024-01-26,1,30795.43,62,SME,0.2323,0,16,West,0,none
2024-01-09,1,63086.86,52,Retail,0.3974,1,26,North,0,none
2024-01-27,1,59753.02,41,Corporate,0.1348,0,20,North,0,none
2024-01-07,1,48512.36,45,Retail,0.3573,0,2,East,0,none
2024-01-23,1,77699.55,46,Corporate,0.1071,0,5,West,0,none
2024-01-11,1,33948.73,57,Corporate,0.2219,0,18,South,0,none
2024-01-23,1,27117.12,42,SME,0.4562,0,28,East,0,none
2024-01-02,1,39621.38,51,Retail,0.1285,0,7,West,0,none
2024-01-02,1,49316.21,45,Corporate,0.3391,0,11,East,1,none
2024-01-06,1,53650.09,63,Corporate,0.2991,0,25,East,0,none
2024-01-23,1,46381.46,51,Corporate,0.1393,1,25,East,0,none
2024-01-19,1,55280.83,43,Corporate,0.4057,0,11,South,0,none
2024-01-20,1,31226.91,49,Corporate,0.2662,0,22,South,0,none
2024-01-14,1,71656.47,28,Retail,0.4676,0,17,North,1,none
2024-01-28,1,48767.73,56,Retail,0.2073,0,16,North,1,none
2024-01-03,1,66759.44,49,Retail,0.5953,1,13,West,1,none
2024-01-07,1,55140.88,35,Retail,0.6164,1,22,East,1,none
2024-01-07,1,56851.3,31,SME,0.2013,0,5,West,0,none
2024-01-04,1,58546.51,37,Corporate,0.6006,0,20,North,1,none
2024-01-23,1,56715.63,37,SME,0.1546,0,16,South,0,none
2024-01-05,1,59640.84,52,Retail,0.0585,0,28,North,0,none
2024-01-17,1,69937.29,63,SME,0.4239,1,22,West,0,none
2024-01-26,1,52947.82,46,SME,0.0991,1,22,North,0,none
2024-01-04,1,60635.06,34,Corporate,0.2876,1,16,West,0,none
2024-01-23,1,48653.96,27,Corporate,0.2648,0,16,West,0,none
2024-01-13,1,71601.76,30,Retail,0.2771,0,14,West,0,none
2024-01-16,1,39854.12,57,SME,0.2903,0,6,West,1,none
2024-01-16,1,77014.11,64,Corporate,0.1379,0,2,North,0,none
2024-01-02,1,49397.63,41,Retail,0.2352,0,14,West,0,none
2024-01-18,1,28538.37,39,Retail,0.1889,0,16,West,1,none
2024-01-01,1,51921.57,64,SME,0.2679,1,23,East,1,none
2024-01-18,1,39784.23,42,SME,0.2202,0,20,West,0,none
2024-01-26,1,62609.65,25,SME,0.4379,1,13,North,0,none
2024-01-08,1,40210.64,54,Corporate,0.2291,0,15,West,0,none
2024-01-11,1,43307.25,48,Retail,0.1905,2,12,South,0,none
2024-01-24,1,21656.89,28,Retail,0.2703,1,9,South,0,none
2024-01-24,1,43215.41,27,Retail,0.114,0,26,West,0,none
2024-01-15,1,13641.81,36,Retail,0.261,0,18,South,0,none
2024-01-16,1,26241.46,39,Retail,0.0183,0,21,South,0,none
2024-01-17,1,61406.22,53,Retail,0.351,0,14,North,0,none
2024-01-17,1,61787.0,32,Retail,0.3551,0,20,East,0,none
2024-01-12,1,56381.86,41,SME,0.2137,0,25,South,0,none
2024-01-10,1,35495.36,45,Retail,0.0242,0,4,South,0,none
2024-01-20,1,49284.33,36,SME,0.2004,0,8,East,0,none
2024-01-06,1,49945.96,28,Corporate,0.4979,1,8,East,0,none
2024-01-08,1,32624.53,42,Retail,0.1005,0,22,South,0,none
2024-01-13,1,72550.97,63,Retail,0.0027,0,22,West,0,none
2024-01-02,1,63160.43,47,Retail,0.3679,0,16,South,1,none
2024-01-19,1,46685.54,35,Retail,0.6802,1,27,West,1,none
2024-01-22,1,50403.29,58,Corporate,0.2133,0,24,West,1,none
2024-01-10,1,53125.74,42,Retail,0.2784,0,28,West,0,none
2024-01-04,1,19373.98,39,Retail,0.2582,0,29,East,0,none
2024-01-12,1,46292.34,26,Retail,0.152,0,28,South,0,none
2024-01-18,1,39770.24,24,SME,0.3507,0,10,South,0,none
2024-01-07,1,34975.7,44,Corporate,0.1153,0,25,North,0,none
2024-01-20,1,45783.5,47,Corporate,0.2086,1,21,East,1,none
2024-01-24,1,76965.3,58,Retail,0.1672,0,27,North,0,none
2024-01-24,1,59612.64,45,Corporate,0.6101,0,17,North,1,none
2024-01-23,1,41432.32,40,Corporate,0.144,0,1,West,0,none
2024-01-26,1,58588.74,46,Corporate,0.2961,0,18,East,1,none
