num_dependents,education,self_employed,income_annum,loan_amount,loan_term,cibil_score,residential_assets,commercial_assets,luxury_assets,bank_assets,default_label,drift_type,date,month
0,Not Graduate,Yes,12569945,44917352,8,807,27950000,14100000,50400000,11000000,0,data_drift,2024-03-04,3
2,Not Graduate,Yes,11230453,27915516,12,376,8710000,12300000,27750000,10100000,1,data_drift,2024-03-13,3
5,Graduate,Yes,8374245,28727121,6,438,19110000,12400000,38100000,4300000,1,data_drift,2024-03-04,3
1,Not Graduate,Yes,7407973,29282049,12,633,2860000,2600000,24750000,3200000,0,data_drift,2024-03-05,3
5,Not Graduate,No,7977445,21716491,16,882,5460000,1600000,16800000,7400000,0,data_drift,2024-03-26,3
2,Not Graduate,Yes,3850737,13030521,16,564,3770000,2900000,10800000,4100000,1,data_drift,2024-03-22,3
0,Not Graduate,No,9754165,27751282,14,671,17940000,9100000,31950000,7200000,0,data_drift,2024-03-04,3
1,Graduate,No,10957488,19825854,2,736,3900000,12800000,32700000,9300000,0,data_drift,2024-03-18,3
5,Not Graduate,Yes,10388369,38613499,4,900,1820000,4200000,33600000,7400000,0,data_drift,2024-03-06,3
3,Not Graduate,Yes,7539214,20651338,4,403,15990000,9900000,22650000,6100000,1,data_drift,2024-03-24,3
1,Not Graduate,Yes,10709650,24023153,2,626,27040000,12200000,39150000,7800000,0,data_drift,2024-03-24,3
2,Not Graduate,Yes,7041327,21930911,10,844,5720000,3500000,25950000,3100000,0,data_drift,2024-03-23,3
3,Not Graduate,Yes,10771089,36229803,20,531,8710000,5100000,26550000,4100000,1,data_drift,2024-03-22,3
1,Graduate,No,8158395,19788840,8,579,13650000,8700000,31350000,7000000,1,data_drift,2024-03-02,3
0,Not Graduate,Yes,9348182,28830164,12,887,4290000,3400000,37200000,5300000,0,data_drift,2024-03-23,3
3,Not Graduate,No,4854241,17424682,10,376,10270000,3700000,12300000,4700000,1,data_drift,2024-03-11,3
5,Not Graduate,Yes,9031553,24686067,8,898,12350000,7200000,37500000,6300000,0,data_drift,2024-03-28,3
5,Graduate,No,12371886,45952710,16,882,31980000,11100000,39450000,8500000,0,data_drift,2024-03-14,3
0,Not Graduate,Yes,10928576,40104947,4,645,11700000,1100000,34500000,6300000,0,data_drift,2024-03-05,3
0,Not Graduate,Yes,9741769,34504989,18,700,21580000,100000,29400000,4500000,0,data_drift,2024-03-06,3
4,Graduate,Yes,9967325,28630601,18,459,12480000,6200000,40200000,5700000,1,data_drift,2024-03-10,3
3,Not Graduate,No,9950090,42448530,8,614,11570000,7600000,29400000,6300000,0,data_drift,2024-03-08,3
2,Graduate,No,2929797,7091150,14,533,1820000,1100000,6600000,1300000,1,data_drift,2024-03-14,3
4,Graduate,Yes,2103018,9022233,20,662,2210000,900000,9300000,2300000,0,data_drift,2024-03-24,3
0,Graduate,No,2539773,6455921,18,341,650000,700000,8400000,1700000,1,data_drift,2024-03-03,3
0,Not Graduate,Yes,10288161,21076666,18,876,13650000,8600000,24000000,8700000,0,data_drift,2024-03-12,3
4,Not Graduate,Yes,11811083,29803825,10,532,8840000,4000000,47850000,9900000,1,data_drift,2024-03-16,3
5,Not Graduate,Yes,6282932,23660951,10,697,8840000,5400000,18600000,2900000,0,data_drift,2024-03-28,3
0,Graduate,Yes,3150992,9646692,20,533,5330000,2100000,10050000,1800000,1,data_drift,2024-03-23,3
3,Not Graduate,No,6317899,18752570,12,343,910000,8800000,17400000,2900000,1,data_drift,2024-03-17,3
3,Not Graduate,Yes,7981846,21370248,8,366,12350000,7000000,20400000,7300000,1,data_drift,2024-03-01,3
3,Not Graduate,Yes,11073009,34645797,20,687,20410000,2900000,42150000,6200000,0,data_drift,2024-03-23,3
3,Not Graduate,Yes,11519176,37118188,2,846,32760000,4300000,27750000,10700000,0,data_drift,2024-03-10,3
0,Not Graduate,Yes,7838095,35530732,12,365,3120000,800000,28350000,9300000,1,data_drift,2024-03-25,3
1,Graduate,Yes,6534471,23299247,6,563,14300000,3400000,31050000,4600000,1,data_drift,2024-03-23,3
1,Graduate,No,10361811,26100594,8,603,12090000,4100000,25650000,6900000,0,data_drift,2024-03-10,3
2,Not Graduate,No,5006086,17228964,2,399,11310000,1600000,17700000,2900000,0,data_drift,2024-03-21,3
0,Graduate,No,14711505,45615352,18,631,31590000,7900000,48600000,7500000,0,data_drift,2024-03-24,3
1,Graduate,Yes,11731194,21070091,2,348,6370000,7900000,43050000,6400000,1,data_drift,2024-03-02,3
3,Graduate,No,10139516,19565840,2,691,18720000,900000,40800000,5400000,0,data_drift,2024-03-09,3
2,Not Graduate,Yes,11007997,28305944,6,726,11440000,12200000,20850000,8200000,0,data_drift,2024-03-22,3
4,Not Graduate,Yes,4306427,8236196,10,481,6110000,2600000,11100000,2700000,1,data_drift,2024-03-13,3
4,Not Graduate,Yes,7389928,23182720,16,829,-130000,4900000,27900000,4800000,0,data_drift,2024-03-25,3
0,Not Graduate,Yes,10014522,30891834,8,555,5590000,14700000,49950000,7800000,1,data_drift,2024-03-16,3
1,Graduate,Yes,9686862,32694316,20,465,12480000,7300000,37050000,8800000,1,data_drift,2024-03-18,3
0,Graduate,No,13099232,36132897,12,478,24960000,6400000,52050000,5900000,1,data_drift,2024-03-19,3
3,Not Graduate,Yes,12357698,45646242,4,734,1430000,10200000,50400000,11400000,0,data_drift,2024-03-12,3
1,Graduate,Yes,6338099,19213665,20,862,7280000,7700000,17850000,2500000,0,data_drift,2024-03-08,3
0,Not Graduate,No,10405360,38624368,14,860,25220000,10300000,39900000,10600000,0,data_drift,2024-03-17,3
3,Graduate,No,6117870,21332493,6,462,9750000,5100000,12300000,2000000,1,data_drift,2024-03-15,3
2,Graduate,No,7453725,28382438,16,410,19110000,400000,17400000,3700000,1,data_drift,2024-03-10,3
5,Not Graduate,Yes,14652483,50001110,18,322,8710000,4900000,51450000,6200000,1,data_drift,2024-03-15,3
1,Graduate,Yes,13091094,28471262,16,534,19240000,3000000,31500000,5300000,1,data_drift,2024-03-15,3
2,Not Graduate,No,5321554,19997602,18,515,10270000,200000,20250000,4800000,1,data_drift,2024-03-23,3
2,Not Graduate,No,4233432,10981613,18,685,1300000,4900000,12900000,3500000,0,data_drift,2024-03-07,3
3,Not Graduate,Yes,11369575,34718729,2,731,8580000,10400000,36150000,5700000,0,data_drift,2024-03-13,3
0,Not Graduate,Yes,13588525,25059663,2,799,29770000,8900000,30750000,4000000,0,data_drift,2024-03-17,3
0,Graduate,Yes,11602184,25751734,16,541,21450000,9200000,30000000,7200000,1,data_drift,2024-03-09,3
5,Not Graduate,Yes,12442550,24028783,12,430,17420000,14500000,36750000,7900000,1,data_drift,2024-03-08,3
4,Not Graduate,Yes,4362950,13383789,2,878,6370000,4400000,20250000,2100000,0,data_drift,2024-03-20,3
0,Not Graduate,Yes,1272889,2941820,6,563,130000,1700000,3150000,700000,1,data_drift,2024-03-26,3
5,Graduate,Yes,11383502,22136572,10,553,27950000,1400000,30600000,4300000,1,data_drift,2024-03-27,3
4,Graduate,Yes,445858,670134,14,462,910000,100000,1200000,100000,1,data_drift,2024-03-21,3
3,Graduate,Yes,13161059,36451357,6,675,21840000,11000000,40350000,9200000,0,data_drift,2024-03-18,3
4,Graduate,No,10089360,22349020,4,727,20670000,7100000,33000000,9600000,0,data_drift,2024-03-13,3
3,Graduate,Yes,4218470,9497109,6,441,2600000,5700000,14250000,2500000,1,data_drift,2024-03-16,3
0,Not Graduate,No,369202,723807,18,408,390000,0,1200000,300000,1,data_drift,2024-03-09,3
0,Graduate,Yes,261989,404096,18,555,130000,300000,900000,100000,1,data_drift,2024-03-12,3
4,Not Graduate,No,5692377,20776419,8,831,11310000,6900000,18300000,4400000,0,data_drift,2024-03-12,3
4,Graduate,Yes,9165976,23297681,8,642,7540000,900000,35550000,3600000,0,data_drift,2024-03-06,3
1,Graduate,Yes,8225749,17231470,6,729,5850000,800000,28500000,3900000,0,data_drift,2024-03-19,3
0,Graduate,No,6799387,20333018,10,815,14430000,8000000,14400000,3200000,0,data_drift,2024-03-28,3
3,Not Graduate,Yes,9066748,28004009,10,815,2470000,4600000,31800000,6400000,0,data_drift,2024-03-07,3
0,Not Graduate,Yes,4936223,12969622,8,512,7930000,700000,14550000,2000000,1,data_drift,2024-03-25,3
4,Not Graduate,Yes,6117722,19436101,8,434,6110000,100000,13500000,4900000,1,data_drift,2024-03-03,3
3,Graduate,Yes,9586187,28517181,6,522,21840000,11700000,32550000,6800000,1,data_drift,2024-03-16,3
2,Graduate,Yes,11103775,30652751,18,599,16380000,400000,40650000,9600000,0,data_drift,2024-03-18,3
5,Graduate,No,8230463,29194846,16,349,390000,700000,34200000,4800000,1,data_drift,2024-03-16,3
1,Not Graduate,Yes,2187307,5157402,4,387,3250000,700000,6450000,2400000,1,data_drift,2024-03-23,3
0,Graduate,Yes,8341904,35264924,4,430,8710000,5800000,32850000,4500000,0,data_drift,2024-03-07,3
3,Not Graduate,Yes,10413841,40107058,10,396,8840000,6100000,32850000,4200000,1,data_drift,2024-03-04,3
5,Not Graduate,Yes,600627,1872368,4,527,1430000,700000,1200000,100000,0,data_drift,2024-03-27,3
5,Graduate,Yes,1337268,3323453,8,682,1170000,1200000,5250000,900000,0,data_drift,2024-03-25,3
5,Not Graduate,Yes,11591255,31118492,10,849,4030000,7300000,26400000,7300000,0,data_drift,2024-03-08,3
2,Graduate,No,8861467,20496272,10,839,18200000,4700000,19800000,8600000,0,data_drift,2024-03-13,3
1,Not Graduate,Yes,3473375,12033136,18,447,4680000,2200000,10650000,2500000,1,data_drift,2024-03-13,3
3,Not Graduate,Yes,849984,3298976,12,900,780000,800000,2100000,600000,0,data_drift,2024-03-17,3
0,Not Graduate,Yes,8986573,26920252,18,880,22620000,5600000,32100000,6600000,0,data_drift,2024-03-17,3
4,Not Graduate,Yes,12582099,39246763,8,900,9230000,4400000,35100000,13100000,0,data_drift,2024-03-05,3
3,Graduate,Yes,11180241,40060292,6,464,2600000,8000000,39150000,5300000,1,data_drift,2024-03-06,3
1,Not Graduate,Yes,10730494,25684037,10,388,14690000,4900000,32850000,6600000,1,data_drift,2024-03-19,3
1,Graduate,No,2025166,4451642,18,666,4160000,100000,9450000,1500000,0,data_drift,2024-03-13,3
3,Graduate,Yes,6123557,18381291,18,860,6760000,4000000,17400000,2700000,0,data_drift,2024-03-25,3
4,Graduate,Yes,7889111,17610062,14,722,11700000,9200000,24750000,6800000,0,data_drift,2024-03-28,3
0,Graduate,Yes,6999019,14238785,2,862,10530000,6700000,26100000,5800000,0,data_drift,2024-03-26,3
3,Not Graduate,Yes,13746275,49587433,8,417,19240000,16500000,27600000,6000000,1,data_drift,2024-03-14,3
2,Graduate,Yes,4531390,14415392,4,412,4030000,3000000,11100000,2000000,0,data_drift,2024-03-22,3
0,Not Graduate,Yes,11519847,38548629,10,628,16770000,3400000,40350000,6400000,0,data_drift,2024-03-04,3
4,Not Graduate,No,9587073,24919233,6,412,17420000,12300000,33600000,4700000,1,data_drift,2024-03-28,3
0,Not Graduate,No,1515536,5629281,18,900,520000,1300000,3900000,1300000,0,data_drift,2024-03-07,3
5,Graduate,No,6004868,15739622,18,763,1560000,300000,19350000,6100000,0,data_drift,2024-03-08,3
3,Graduate,Yes,10820871,24135869,14,324,7280000,3100000,26850000,5000000,1,data_drift,2024-03-25,3
2,Not Graduate,Yes,7475089,13611455,2,787,16380000,9000000,17250000,5700000,0,data_drift,2024-03-13,3
3,Graduate,No,7415181,12467790,6,364,-130000,5800000,17400000,7500000,1,data_drift,2024-03-27,3
0,Not Graduate,Yes,12737799,25329958,20,674,32240000,8900000,28200000,5100000,0,data_drift,2024-03-06,3
1,Graduate,Yes,5650717,14157518,14,632,4680000,6600000,20400000,4400000,0,data_drift,2024-03-06,3
2,Not Graduate,No,8473830,30447643,18,761,19240000,4000000,24450000,7000000,0,data_drift,2024-03-24,3
0,Graduate,Yes,11337285,24130603,16,415,19760000,13300000,47550000,10200000,1,data_drift,2024-03-28,3
4,Graduate,No,5154477,17235374,6,416,7670000,4200000,20550000,4400000,1,data_drift,2024-03-21,3
3,Not Graduate,Yes,10051170,37692583,10,789,6760000,5000000,48000000,9600000,0,data_drift,2024-03-03,3
1,Graduate,No,940704,1889635,6,788,1300000,500000,3900000,700000,0,data_drift,2024-03-28,3
2,Graduate,No,11737647,32053921,18,898,17420000,14300000,42600000,8400000,0,data_drift,2024-03-03,3
5,Not Graduate,No,12353963,36528661,16,580,28470000,7000000,47850000,9400000,1,data_drift,2024-03-13,3
3,Not Graduate,Yes,10415956,24430130,6,900,20280000,15200000,37650000,10800000,0,data_drift,2024-03-22,3
4,Not Graduate,No,11481759,29009850,20,588,12740000,6600000,43650000,6500000,0,data_drift,2024-03-02,3
5,Not Graduate,Yes,12036777,44499012,2,690,3900000,1200000,48300000,8700000,0,data_drift,2024-03-16,3
5,Not Graduate,No,1324046,3949551,16,830,2730000,900000,4650000,800000,0,data_drift,2024-03-22,3
1,Graduate,Yes,380017,1220644,14,357,130000,100000,1650000,100000,1,data_drift,2024-03-06,3
4,Not Graduate,Yes,12738179,27468275,18,720,6500000,8700000,35100000,11200000,0,data_drift,2024-03-08,3
0,Graduate,No,2067647,5741790,12,853,5720000,2200000,4950000,1100000,0,data_drift,2024-03-23,3
0,Graduate,No,6017763,18521101,2,384,4290000,1300000,13200000,6200000,0,data_drift,2024-03-08,3
3,Graduate,No,2422890,6969345,12,453,780000,800000,8100000,900000,1,data_drift,2024-03-25,3
2,Not Graduate,No,2173007,7492856,16,539,390000,2900000,8400000,1600000,1,data_drift,2024-03-06,3
0,Graduate,Yes,13136688,38531624,20,588,16900000,5100000,35850000,7100000,0,data_drift,2024-03-14,3
1,Graduate,No,10347547,28980403,14,459,4550000,11600000,32700000,4600000,1,data_drift,2024-03-03,3
0,Graduate,No,11799361,29027230,6,694,4680000,9600000,41250000,11300000,0,data_drift,2024-03-10,3
4,Not Graduate,No,8264996,23969041,2,647,5590000,4000000,28650000,5700000,0,data_drift,2024-03-03,3
1,Not Graduate,Yes,12166073,34450927,20,854,29120000,12600000,38400000,10600000,0,data_drift,2024-03-27,3
5,Graduate,Yes,8538292,16017710,2,664,3250000,0,28800000,4200000,0,data_drift,2024-03-12,3
0,Not Graduate,No,3608077,7265225,20,708,9620000,500000,11250000,2000000,0,data_drift,2024-03-17,3
4,Graduate,Yes,9451651,30139391,18,354,17030000,1700000,29250000,8500000,1,data_drift,2024-03-27,3
5,Not Graduate,No,7349126,19595720,16,551,11440000,4500000,23550000,2900000,1,data_drift,2024-03-05,3
4,Graduate,Yes,3775166,8467778,6,506,4550000,1900000,10950000,3400000,1,data_drift,2024-03-20,3
2,Not Graduate,Yes,2082251,5688522,14,854,4160000,1700000,6900000,1600000,0,data_drift,2024-03-25,3
5,Not Graduate,Yes,1534521,3710870,4,900,2470000,1000000,3300000,500000,0,data_drift,2024-03-09,3
2,Graduate,Yes,11335178,44666012,20,854,910000,4800000,38850000,12700000,0,data_drift,2024-03-21,3
3,Graduate,No,2430619,7400714,6,744,6240000,700000,8700000,1700000,0,data_drift,2024-03-26,3
4,Graduate,Yes,8841930,31997797,6,606,6110000,0,33900000,4200000,0,data_drift,2024-03-20,3
1,Graduate,Yes,7713121,28391608,8,369,3380000,1000000,29550000,6800000,1,data_drift,2024-03-07,3
2,Graduate,Yes,5762141,24909039,2,455,4290000,0,21150000,3700000,0,data_drift,2024-03-22,3
1,Not Graduate,Yes,12505889,38904085,8,446,26520000,13600000,41850000,10200000,1,data_drift,2024-03-04,3
2,Graduate,No,6605097,15443045,14,349,10270000,2900000,16050000,5900000,1,data_drift,2024-03-13,3
5,Not Graduate,No,1188064,3183574,16,456,2210000,700000,4350000,1400000,1,data_drift,2024-03-13,3
0,Graduate,Yes,3821757,9862701,10,445,10140000,2500000,10650000,3400000,1,data_drift,2024-03-10,3
4,Not Graduate,Yes,2072653,5666828,20,416,2210000,300000,7800000,1900000,1,data_drift,2024-03-18,3
2,Not Graduate,Yes,2321694,9410428,6,900,3380000,2200000,9600000,900000,0,data_drift,2024-03-17,3
0,Graduate,Yes,8122390,26056706,4,370,10530000,4000000,24600000,5600000,0,data_drift,2024-03-20,3
3,Not Graduate,Yes,1560123,4671969,14,798,2470000,100000,5400000,1100000,0,data_drift,2024-03-20,3
4,Not Graduate,No,3828884,10998448,6,434,4810000,5500000,12300000,2200000,1,data_drift,2024-03-13,3
3,Not Graduate,No,13228017,30931527,8,605,5720000,8600000,36600000,10500000,0,data_drift,2024-03-17,3
0,Not Graduate,Yes,821532,2643667,12,554,390000,200000,3300000,400000,1,data_drift,2024-03-22,3
2,Graduate,Yes,2267987,5380554,6,795,6500000,1500000,5100000,900000,0,data_drift,2024-03-04,3
3,Not Graduate,No,9971341,26826277,6,804,26000000,9800000,35400000,5500000,0,data_drift,2024-03-01,3
5,Graduate,Yes,11107504,25887588,2,462,19110000,1600000,30900000,10800000,1,data_drift,2024-03-01,3
1,Graduate,Yes,5252557,19511354,12,394,13650000,2500000,23400000,5000000,1,data_drift,2024-03-15,3
2,Graduate,No,11235813,43801677,16,833,25870000,1800000,34800000,5400000,0,data_drift,2024-03-13,3
2,Not Graduate,Yes,14978842,52473142,10,772,7020000,14800000,36450000,5300000,0,data_drift,2024-03-17,3
1,Not Graduate,No,9694763,28224178,12,794,20800000,4400000,28200000,9500000,0,data_drift,2024-03-24,3
0,Graduate,Yes,4896440,13868868,14,356,12740000,4800000,14100000,1900000,1,data_drift,2024-03-26,3
3,Not Graduate,No,11064949,30422843,16,610,2730000,10700000,31650000,3600000,0,data_drift,2024-03-08,3
3,Graduate,Yes,2917420,7570537,12,458,2990000,3500000,7500000,2600000,1,data_drift,2024-03-18,3
3,Not Graduate,No,13375491,47146662,10,900,22230000,5600000,41550000,9800000,0,data_drift,2024-03-27,3
0,Not Graduate,No,8062614,19138596,6,340,10140000,7500000,31050000,8200000,1,data_drift,2024-03-13,3
0,Not Graduate,No,5855532,13671620,4,399,9230000,7300000,13950000,4700000,1,data_drift,2024-03-23,3
1,Graduate,Yes,8180017,17557608,12,900,14690000,8400000,18000000,3900000,0,data_drift,2024-03-14,3
1,Graduate,No,11176442,45191206,18,360,16640000,10800000,35700000,9400000,1,data_drift,2024-03-08,3
1,Graduate,Yes,10842761,23029536,8,838,5330000,9400000,34350000,7500000,0,data_drift,2024-03-08,3
0,Not Graduate,No,8095095,29876481,16,608,2860000,8100000,22350000,5800000,0,data_drift,2024-03-27,3
1,Graduate,No,5312284,19273576,16,642,520000,2200000,20100000,2800000,0,data_drift,2024-03-26,3
4,Not Graduate,Yes,1877782,5974382,16,483,4680000,1200000,7950000,1000000,1,data_drift,2024-03-15,3
0,Not Graduate,Yes,6351321,19063711,2,451,7280000,3900000,17700000,6600000,0,data_drift,2024-03-27,3
1,Graduate,No,7476820,23420012,14,748,17030000,0,18450000,4700000,0,data_drift,2024-03-13,3
2,Not Graduate,No,8292702,17000520,20,600,1170000,9200000,16350000,3700000,0,data_drift,2024-03-07,3
2,Graduate,No,682028,2461682,10,339,390000,300000,2700000,700000,1,data_drift,2024-03-05,3
1,Not Graduate,No,1689229,4900323,2,542,260000,0,3300000,1300000,0,data_drift,2024-03-17,3
4,Graduate,No,6433880,33489821,2,900,4160000,1700000,21600000,6100000,0,data_drift,2024-03-28,3
2,Graduate,No,1227828,4345952,8,328,390000,1000000,3000000,900000,1,data_drift,2024-03-25,3
1,Graduate,No,2906507,5577709,12,843,6760000,1500000,7500000,2700000,0,data_drift,2024-03-16,3
4,Not Graduate,No,3576541,10546542,18,421,-130000,200000,11400000,3000000,1,data_drift,2024-03-23,3
2,Not Graduate,No,8151895,19618584,14,834,14690000,3300000,29400000,6600000,0,data_drift,2024-03-02,3
2,Graduate,Yes,12015109,38654731,10,645,14820000,3800000,43500000,11600000,0,data_drift,2024-03-22,3
5,Graduate,No,13252386,30743822,2,551,17550000,1500000,31500000,6700000,1,data_drift,2024-03-18,3
2,Not Graduate,Yes,4358851,13161140,12,542,3120000,4200000,21300000,5100000,1,data_drift,2024-03-17,3
1,Graduate,No,6272252,11082663,20,649,1820000,8000000,15000000,4400000,0,data_drift,2024-03-07,3
2,Graduate,No,4787693,11802066,18,580,6890000,1100000,18300000,1500000,1,data_drift,2024-03-13,3
2,Graduate,No,5563924,21885411,4,852,9360000,2400000,19500000,6600000,0,data_drift,2024-03-18,3
2,Graduate,Yes,10773320,21863017,14,351,19110000,2600000,42150000,8500000,1,data_drift,2024-03-14,3
0,Not Graduate,No,13080302,24002759,12,663,8450000,8400000,27900000,5100000,0,data_drift,2024-03-18,3
5,Not Graduate,Yes,9899604,23970066,12,450,6630000,1900000,27300000,7800000,1,data_drift,2024-03-13,3
1,Not Graduate,No,3412294,11523683,8,806,2600000,0,11400000,1100000,0,data_drift,2024-03-11,3
3,Not Graduate,Yes,2838186,12746115,16,461,6110000,3200000,8700000,1300000,1,data_drift,2024-03-21,3
2,Graduate,No,7953953,16234051,8,362,14040000,4800000,31650000,6600000,1,data_drift,2024-03-21,3
3,Graduate,No,12128068,28293938,8,513,4160000,11400000,42300000,11800000,1,data_drift,2024-03-16,3
3,Not Graduate,No,8697597,27860900,18,817,1820000,10800000,24450000,5600000,0,data_drift,2024-03-23,3
3,Not Graduate,No,11832614,31139416,14,838,7670000,700000,36000000,7700000,0,data_drift,2024-03-17,3
1,Not Graduate,Yes,12162702,26366395,6,543,25090000,6500000,35550000,4800000,1,data_drift,2024-03-08,3
5,Not Graduate,Yes,9809405,21451984,14,871,16510000,200000,29250000,5600000,0,data_drift,2024-03-19,3
5,Not Graduate,No,5116392,12988520,18,408,4420000,2400000,12600000,3300000,1,data_drift,2024-03-20,3
0,Not Graduate,Yes,10062520,22436256,2,385,3510000,2400000,31200000,5900000,1,data_drift,2024-03-15,3
4,Graduate,Yes,806686,2902818,6,537,2210000,600000,3000000,300000,1,data_drift,2024-03-09,3
3,Not Graduate,Yes,8304375,20476903,4,475,13650000,7600000,21150000,9100000,1,data_drift,2024-03-20,3
0,Graduate,Yes,10780211,21901838,16,673,14560000,13200000,42600000,5300000,0,data_drift,2024-03-10,3
3,Graduate,Yes,12798150,31068604,4,686,21710000,2200000,54300000,5200000,0,data_drift,2024-03-12,3
5,Not Graduate,No,10763382,37921828,6,757,5720000,13100000,27750000,7400000,0,data_drift,2024-03-21,3
4,Not Graduate,No,1428697,4771502,2,644,2210000,1800000,3750000,600000,0,data_drift,2024-03-23,3
3,Graduate,Yes,4051026,9938721,12,761,6240000,2700000,12150000,2200000,0,data_drift,2024-03-20,3
1,Graduate,Yes,1942184,4970556,6,430,5590000,1400000,8550000,700000,1,data_drift,2024-03-01,3
4,Graduate,No,12741243,37108954,16,630,15210000,10500000,31650000,10700000,0,data_drift,2024-03-25,3
4,Graduate,Yes,4914551,17907145,20,670,6500000,3300000,14850000,2900000,0,data_drift,2024-03-20,3
5,Graduate,Yes,5750174,19278335,8,900,4550000,5800000,22350000,5400000,0,data_drift,2024-03-09,3
4,Not Graduate,Yes,6452516,16227778,10,434,19110000,2000000,19500000,4400000,1,data_drift,2024-03-22,3
0,Not Graduate,No,10538374,20408208,12,403,16510000,12200000,32250000,3600000,1,data_drift,2024-03-15,3
2,Not Graduate,No,11554141,28301907,16,497,19760000,5400000,28050000,8600000,1,data_drift,2024-03-01,3
3,Graduate,Yes,4066221,13551770,14,808,4420000,5800000,12450000,2100000,0,data_drift,2024-03-12,3
4,Not Graduate,Yes,12149817,37642115,6,380,1300000,300000,34650000,8200000,1,data_drift,2024-03-03,3
5,Graduate,No,9917244,24413431,18,641,12610000,6800000,36900000,7100000,0,data_drift,2024-03-11,3
3,Not Graduate,Yes,4995902,16076597,2,827,780000,6400000,16050000,1700000,0,data_drift,2024-03-02,3
3,Graduate,Yes,11802257,28242063,2,761,27950000,200000,28050000,8300000,0,data_drift,2024-03-16,3
0,Not Graduate,No,11964536,29258941,18,549,22100000,3600000,36300000,12300000,1,data_drift,2024-03-09,3
4,Not Graduate,No,8210453,16727883,6,790,16770000,2700000,29700000,4300000,0,data_drift,2024-03-15,3
5,Not Graduate,Yes,10566204,25517948,14,544,11050000,8500000,33300000,3700000,1,data_drift,2024-03-12,3
0,Graduate,No,6183900,19162449,16,681,5200000,2700000,21600000,2700000,0,data_drift,2024-03-01,3
1,Not Graduate,Yes,14381262,40119442,12,451,7020000,8000000,46200000,10500000,1,data_drift,2024-03-13,3
0,Graduate,No,1503525,4553110,20,736,2340000,1400000,5400000,1500000,0,data_drift,2024-03-14,3
5,Graduate,No,4823986,12126318,18,723,11440000,1800000,16950000,2600000,0,data_drift,2024-03-25,3
1,Not Graduate,Yes,1484592,3558867,16,367,2470000,300000,3300000,800000,1,data_drift,2024-03-25,3
2,Not Graduate,Yes,2580985,9032727,16,900,7280000,3600000,9450000,1600000,0,data_drift,2024-03-08,3
4,Not Graduate,Yes,12089476,43158990,4,392,22880000,15600000,51900000,12100000,0,data_drift,2024-03-08,3
4,Graduate,Yes,435458,1408807,4,475,910000,100000,1650000,400000,0,data_drift,2024-03-27,3
1,Not Graduate,Yes,14282531,40031745,10,408,31330000,18500000,46350000,11700000,1,data_drift,2024-03-12,3
5,Not Graduate,No,11418201,36150080,4,446,4680000,8500000,33300000,6900000,0,data_drift,2024-03-01,3
0,Not Graduate,Yes,5375070,22869946,18,452,8060000,1300000,15000000,4700000,1,data_drift,2024-03-11,3
5,Graduate,No,10680955,34743042,10,782,1820000,12200000,40050000,10400000,0,data_drift,2024-03-08,3
2,Not Graduate,Yes,6416998,9842275,10,433,12610000,7500000,21150000,2100000,1,data_drift,2024-03-10,3
2,Graduate,No,11569108,35402538,10,462,14820000,4900000,43950000,4500000,1,data_drift,2024-03-19,3
3,Graduate,Yes,1352035,5530161,20,830,1820000,1500000,4800000,1100000,0,data_drift,2024-03-11,3
1,Graduate,Yes,1983751,6523988,4,888,3640000,1200000,7650000,1300000,0,data_drift,2024-03-07,3
0,Not Graduate,Yes,3639216,9261544,18,497,910000,700000,8250000,2900000,1,data_drift,2024-03-11,3
1,Not Graduate,No,13217246,24809396,16,887,32370000,0,53550000,6200000,0,data_drift,2024-03-17,3
2,Graduate,No,1046178,3466112,20,523,130000,200000,3600000,900000,1,data_drift,2024-03-01,3
4,Graduate,No,1076479,3130519,16,719,1950000,300000,2850000,400000,0,data_drift,2024-03-26,3
3,Graduate,No,6901285,24859327,10,412,16120000,5300000,28050000,5300000,1,data_drift,2024-03-21,3
2,Not Graduate,Yes,9706859,28369950,12,669,16250000,4600000,30600000,4900000,0,data_drift,2024-03-21,3
2,Not Graduate,Yes,3781419,8954561,16,354,7150000,3300000,7350000,2800000,1,data_drift,2024-03-08,3
3,Graduate,No,8379134,21139035,18,509,2730000,2000000,39450000,9400000,1,data_drift,2024-03-23,3
4,Not Graduate,No,2523949,5031807,20,813,1300000,600000,9150000,1500000,0,data_drift,2024-03-24,3
2,Not Graduate,No,9242806,26977968,10,726,16640000,5700000,31800000,5200000,0,data_drift,2024-03-06,3
4,Graduate,Yes,4051024,11609508,10,350,11310000,4100000,16350000,2100000,1,data_drift,2024-03-22,3
0,Not Graduate,No,12185657,29235189,20,617,6630000,8900000,48150000,10800000,0,data_drift,2024-03-18,3
5,Not Graduate,No,3587814,12189921,4,338,8320000,1400000,8850000,3400000,0,data_drift,2024-03-06,3
3,Graduate,No,12308326,34723720,16,721,10530000,5600000,51750000,5000000,0,data_drift,2024-03-05,3
0,Not Graduate,Yes,12279377,39886093,8,421,14950000,8800000,28500000,6100000,1,data_drift,2024-03-13,3
4,Not Graduate,No,2339972,5644323,6,866,0,1600000,7800000,1700000,0,data_drift,2024-03-19,3
2,Graduate,No,13256001,30698078,20,873,25220000,2100000,33450000,5900000,0,data_drift,2024-03-22,3
2,Not Graduate,Yes,11931875,35664147,14,362,30290000,16100000,26550000,4300000,1,data_drift,2024-03-08,3
2,Graduate,Yes,12775378,26945647,20,640,5460000,400000,45000000,13200000,0,data_drift,2024-03-09,3
1,Graduate,No,1263894,3933624,4,374,520000,700000,4350000,900000,1,data_drift,2024-03-17,3
1,Not Graduate,Yes,601218,1789306,18,811,130000,0,2250000,600000,0,data_drift,2024-03-03,3
4,Not Graduate,No,1273623,4260142,10,654,0,400000,2700000,1200000,0,data_drift,2024-03-19,3
5,Not Graduate,Yes,891767,1664932,8,374,130000,700000,2400000,600000,1,data_drift,2024-03-11,3
2,Not Graduate,Yes,4217953,13805850,10,341,10530000,400000,9750000,1600000,1,data_drift,2024-03-24,3
0,Not Graduate,No,12973678,34471270,20,374,7540000,5600000,35550000,5800000,1,data_drift,2024-03-17,3
2,Not Graduate,No,7636989,15855416,14,451,6370000,6200000,27300000,6800000,1,data_drift,2024-03-21,3
1,Not Graduate,Yes,13027796,47803335,16,753,5590000,1200000,33150000,5200000,0,data_drift,2024-03-19,3
1,Graduate,Yes,604066,959687,10,817,1300000,200000,2400000,500000,0,data_drift,2024-03-02,3
2,Not Graduate,No,9985168,42319093,10,489,26910000,8300000,36750000,4200000,1,data_drift,2024-03-08,3
2,Graduate,Yes,8685395,30180272,14,360,10660000,100000,34200000,4700000,1,data_drift,2024-03-19,3
4,Graduate,No,10685424,44261657,20,582,16120000,8500000,32400000,6400000,1,data_drift,2024-03-07,3
2,Graduate,No,12588008,27697366,2,515,3640000,2600000,53700000,6600000,1,data_drift,2024-03-28,3
5,Not Graduate,Yes,1435463,4713768,18,430,1690000,1200000,5700000,1600000,1,data_drift,2024-03-27,3
0,Not Graduate,No,5870300,11688396,18,328,14170000,6400000,12900000,3500000,1,data_drift,2024-03-17,3
0,Graduate,Yes,10027862,20543674,14,450,22360000,14500000,36150000,10300000,1,data_drift,2024-03-06,3
3,Not Graduate,No,13059264,50233175,2,749,14430000,11800000,29700000,11700000,0,data_drift,2024-03-19,3
1,Graduate,No,6367009,25271529,16,433,16900000,6000000,14700000,2800000,1,data_drift,2024-03-24,3
1,Not Graduate,Yes,2931259,5560416,18,589,4420000,800000,9600000,1500000,0,data_drift,2024-03-06,3
5,Not Graduate,Yes,9461436,19933397,10,676,16900000,5500000,29100000,8100000,0,data_drift,2024-03-28,3
4,Graduate,No,9420670,24212357,6,490,1690000,6100000,22050000,5200000,1,data_drift,2024-03-02,3
3,Not Graduate,No,2635000,7522593,2,462,6240000,0,5550000,2300000,0,data_drift,2024-03-06,3
2,Not Graduate,No,13232211,37294005,12,606,22880000,5600000,37800000,9000000,0,data_drift,2024-03-23,3
2,Graduate,No,11331056,21028703,18,770,26260000,12400000,29400000,7100000,0,data_drift,2024-03-05,3
3,Graduate,Yes,6212415,22080085,10,345,14820000,8100000,24300000,4300000,1,data_drift,2024-03-19,3
5,Not Graduate,No,13117282,36251681,12,689,6760000,2900000,33750000,14100000,0,data_drift,2024-03-20,3
2,Not Graduate,No,7425938,17333374,6,333,19500000,9200000,23100000,6900000,1,data_drift,2024-03-04,3
2,Graduate,No,5496094,18298160,16,375,13390000,7000000,23700000,4100000,1,data_drift,2024-03-22,3
1,Graduate,No,4422998,12305699,6,663,10010000,1000000,11700000,4400000,0,data_drift,2024-03-26,3
0,Graduate,No,12880510,26429783,20,603,7670000,6200000,50550000,5600000,0,data_drift,2024-03-17,3
2,Graduate,Yes,6200461,17588966,2,585,8970000,3900000,26700000,2900000,0,data_drift,2024-03-11,3
5,Graduate,No,10642290,23830498,18,483,10140000,6500000,33600000,8400000,1,data_drift,2024-03-04,3
2,Graduate,No,14882659,44970771,2,579,31460000,17500000,38550000,7700000,0,data_drift,2024-03-26,3
0,Graduate,No,12112009,50431072,18,604,1690000,8700000,48900000,5600000,0,data_drift,2024-03-13,3
3,Graduate,No,768874,1862275,2,792,1430000,500000,3450000,700000,0,data_drift,2024-03-20,3
3,Graduate,Yes,10608863,33872721,6,551,17680000,7100000,31200000,9200000,1,data_drift,2024-03-26,3
4,Graduate,Yes,10782410,22021263,18,846,24050000,4300000,34500000,5200000,0,data_drift,2024-03-17,3
2,Not Graduate,No,5430405,13885006,12,823,2210000,700000,18300000,2600000,0,data_drift,2024-03-09,3
4,Not Graduate,Yes,8565997,17975796,14,649,21320000,4600000,26400000,8200000,0,data_drift,2024-03-04,3
5,Not Graduate,Yes,5885129,16226996,6,767,10660000,2300000,14850000,5400000,0,data_drift,2024-03-23,3
1,Graduate,No,6048280,13383975,20,592,12870000,5200000,16200000,4800000,0,data_drift,2024-03-28,3
2,Graduate,No,10334060,20558651,20,414,20280000,4300000,34350000,5400000,1,data_drift,2024-03-14,3
3,Not Graduate,No,3858327,7851404,8,679,4420000,3400000,11400000,1400000,0,data_drift,2024-03-19,3
1,Graduate,Yes,279168,534914,8,598,260000,200000,1050000,300000,0,data_drift,2024-03-26,3
4,Graduate,Yes,12816321,39383182,6,519,25740000,11500000,33300000,5700000,1,data_drift,2024-03-28,3
0,Not Graduate,No,3978037,8432264,2,650,11440000,3400000,10050000,1700000,0,data_drift,2024-03-03,3
5,Not Graduate,Yes,7622846,30650901,10,363,24050000,10300000,35700000,8700000,1,data_drift,2024-03-14,3
1,Not Graduate,Yes,13383126,44759514,18,584,23790000,11500000,47250000,5900000,0,data_drift,2024-03-08,3
2,Not Graduate,Yes,908196,2170992,2,529,2210000,200000,1800000,500000,1,data_drift,2024-03-24,3
3,Graduate,Yes,7854958,21190273,18,676,10530000,8400000,22050000,3700000,0,data_drift,2024-03-27,3
1,Not Graduate,Yes,8332204,29301648,14,874,6500000,7800000,35550000,8700000,0,data_drift,2024-03-28,3
2,Not Graduate,Yes,255501,1018475,16,668,780000,200000,900000,100000,0,data_drift,2024-03-01,3
3,Graduate,No,10848493,30662225,18,695,4420000,11400000,28650000,9900000,0,data_drift,2024-03-10,3
5,Graduate,Yes,5914706,9666362,8,370,6370000,6800000,13500000,5200000,1,data_drift,2024-03-18,3
3,Not Graduate,Yes,2826052,10776897,4,336,4290000,2700000,9450000,2200000,0,data_drift,2024-03-16,3
4,Graduate,No,1636481,4908479,14,900,3120000,1500000,6300000,1600000,0,data_drift,2024-03-08,3
4,Not Graduate,No,3471293,10010303,4,556,3250000,300000,11700000,2200000,0,data_drift,2024-03-01,3
2,Not Graduate,No,583112,1790149,4,776,910000,500000,1800000,300000,0,data_drift,2024-03-12,3
5,Graduate,Yes,7163316,26340003,16,527,11960000,8500000,21900000,4100000,1,data_drift,2024-03-08,3
4,Graduate,Yes,10643393,41071789,4,695,1300000,2300000,40950000,8200000,0,data_drift,2024-03-24,3
2,Graduate,No,7778065,23123943,16,505,14430000,6000000,24450000,4500000,1,data_drift,2024-03-16,3
2,Graduate,No,12089997,47859053,12,393,19760000,8400000,29250000,9000000,1,data_drift,2024-03-18,3
4,Graduate,Yes,13798771,37425123,12,845,33540000,11800000,28950000,9700000,0,data_drift,2024-03-04,3
1,Not Graduate,Yes,4182613,11568257,10,713,11830000,3800000,13800000,1900000,0,data_drift,2024-03-06,3
2,Graduate,No,2643939,8721965,16,744,5330000,600000,8100000,1300000,0,data_drift,2024-03-12,3
4,Graduate,Yes,9223319,34663361,6,900,-130000,11400000,30900000,6700000,0,data_drift,2024-03-27,3
0,Graduate,Yes,9937910,34497183,20,547,14040000,2500000,25050000,8300000,1,data_drift,2024-03-09,3
1,Graduate,Yes,13955370,48994016,14,458,520000,1200000,30300000,13500000,1,data_drift,2024-03-15,3
3,Graduate,Yes,8215538,20472900,18,656,8970000,2700000,37200000,5300000,0,data_drift,2024-03-16,3
2,Graduate,No,5300498,15677278,18,818,8060000,3500000,14400000,2000000,0,data_drift,2024-03-24,3
3,Not Graduate,Yes,7798390,28129277,18,495,650000,8500000,27000000,7500000,1,data_drift,2024-03-12,3
1,Graduate,No,3680104,12451712,6,642,3770000,4300000,10050000,2500000,0,data_drift,2024-03-24,3
5,Graduate,No,6367018,21130166,6,816,8450000,6300000,22050000,6200000,0,data_drift,2024-03-23,3
2,Not Graduate,No,5637877,13396364,20,509,14040000,2400000,19800000,4600000,1,data_drift,2024-03-14,3
2,Graduate,Yes,1226681,4852241,6,806,2990000,300000,3000000,600000,0,data_drift,2024-03-13,3
2,Not Graduate,No,11779578,36497314,10,861,2340000,16000000,49500000,4400000,0,data_drift,2024-03-25,3
0,Graduate,No,400500,688853,18,742,390000,400000,1800000,100000,0,data_drift,2024-03-02,3
5,Not Graduate,Yes,3136816,8434402,10,805,3120000,2800000,10950000,2700000,0,data_drift,2024-03-03,3
3,Graduate,Yes,12592920,36850794,14,613,34580000,7300000,34050000,8200000,0,data_drift,2024-03-26,3
2,Not Graduate,No,10759916,45726936,18,495,16380000,9400000,50850000,12500000,1,data_drift,2024-03-24,3
3,Graduate,Yes,9807622,34885856,20,877,1560000,11300000,36150000,5300000,0,data_drift,2024-03-22,3
1,Graduate,No,10370377,35843560,16,782,5590000,9500000,28350000,8900000,0,data_drift,2024-03-10,3
0,Graduate,Yes,6757143,27972276,8,772,10660000,6400000,25050000,7400000,0,data_drift,2024-03-09,3
1,Graduate,No,429492,1460647,18,767,130000,0,1050000,200000,1,data_drift,2024-03-26,3
2,Not Graduate,No,14300208,46082844,16,900,5460000,17500000,47100000,12700000,0,data_drift,2024-03-20,3
0,Not Graduate,Yes,12484458,33883483,12,433,32760000,15800000,40500000,8300000,1,data_drift,2024-03-08,3
3,Not Graduate,No,2382518,7242501,6,741,4030000,800000,9000000,1600000,0,data_drift,2024-03-10,3
3,Graduate,No,5281348,22118740,10,390,8970000,6700000,18450000,5500000,1,data_drift,2024-03-19,3
1,Not Graduate,No,9864556,20940508,10,864,5980000,13000000,40050000,9000000,0,data_drift,2024-03-03,3
2,Not Graduate,No,6839979,17607998,8,356,13650000,8100000,27450000,3400000,1,data_drift,2024-03-24,3
5,Not Graduate,Yes,10271941,31675477,16,891,5590000,6700000,30900000,8700000,0,data_drift,2024-03-05,3
2,Not Graduate,Yes,2692641,6184634,2,817,6240000,2800000,9000000,2100000,0,data_drift,2024-03-03,3
3,Not Graduate,Yes,12671088,40165999,18,508,16510000,3800000,55950000,10400000,1,data_drift,2024-03-26,3
0,Graduate,No,7497024,26704191,6,639,15990000,5900000,25200000,4000000,0,data_drift,2024-03-27,3
2,Not Graduate,Yes,7759729,18263605,6,603,10140000,9800000,19050000,5100000,0,data_drift,2024-03-16,3
1,Graduate,Yes,14594663,50228058,12,844,15340000,3700000,45300000,13500000,0,data_drift,2024-03-17,3
2,Graduate,Yes,6872330,17776884,2,391,8190000,6900000,22200000,6500000,1,data_drift,2024-03-15,3
5,Graduate,Yes,1039220,1606523,16,380,2730000,1300000,3000000,1000000,1,data_drift,2024-03-03,3
1,Not Graduate,No,8069219,20169342,6,825,14040000,11600000,19650000,6600000,0,data_drift,2024-03-12,3
0,Not Graduate,Yes,9833322,37102941,6,571,8320000,2600000,36750000,4700000,1,data_drift,2024-03-09,3
5,Graduate,No,2004398,5605398,18,566,390000,1200000,7950000,2000000,1,data_drift,2024-03-21,3
0,Not Graduate,Yes,3616679,7521838,2,403,130000,4900000,9150000,2700000,1,data_drift,2024-03-12,3
2,Not Graduate,Yes,12905902,42896743,14,543,30290000,4400000,32850000,5500000,1,data_drift,2024-03-26,3
3,Graduate,No,6536253,16653958,14,685,9490000,1000000,19500000,7200000,0,data_drift,2024-03-15,3
4,Graduate,Yes,4356710,14487175,8,608,5720000,5500000,11400000,3800000,0,data_drift,2024-03-02,3
4,Not Graduate,Yes,8736783,23015667,4,900,21970000,3400000,22950000,6400000,0,data_drift,2024-03-23,3
3,Not Graduate,Yes,11227019,29267980,6,900,12480000,16500000,43950000,11100000,0,data_drift,2024-03-18,3
4,Graduate,No,7606681,20689699,6,780,19890000,5100000,24750000,3000000,0,data_drift,2024-03-20,3
2,Not Graduate,Yes,2387088,5642422,20,532,4160000,2500000,9450000,900000,1,data_drift,2024-03-12,3
3,Not Graduate,No,9168090,30713657,10,796,16510000,1300000,27600000,8800000,0,data_drift,2024-03-23,3
1,Not Graduate,No,7191899,17448282,6,491,7930000,7600000,17100000,5600000,1,data_drift,2024-03-04,3
1,Graduate,Yes,13176929,51006627,20,863,33930000,19000000,31200000,12400000,0,data_drift,2024-03-23,3
3,Not Graduate,Yes,5826332,14152926,8,577,11440000,5200000,19800000,4300000,1,data_drift,2024-03-16,3
0,Graduate,Yes,5208103,18488752,16,328,13390000,100000,13050000,2700000,1,data_drift,2024-03-23,3
4,Not Graduate,Yes,6190341,20010225,6,738,3120000,5700000,16350000,4100000,0,data_drift,2024-03-16,3
0,Not Graduate,Yes,13971315,25772728,18,900,34840000,0,31350000,11300000,0,data_drift,2024-03-01,3
2,Not Graduate,Yes,4742746,13676697,18,900,12870000,900000,18150000,4900000,0,data_drift,2024-03-22,3
3,Graduate,No,3180455,7347575,18,446,1690000,600000,10050000,2100000,1,data_drift,2024-03-25,3
2,Graduate,Yes,12448698,42522982,2,757,13650000,12500000,43950000,5900000,0,data_drift,2024-03-02,3
5,Graduate,Yes,3340087,6824347,8,688,3380000,1900000,12900000,2500000,0,data_drift,2024-03-03,3
3,Graduate,Yes,13211440,24291000,20,323,18850000,10200000,30750000,4800000,1,data_drift,2024-03-26,3
3,Not Graduate,No,1836958,3011555,12,498,3900000,100000,4650000,1700000,1,data_drift,2024-03-21,3
4,Not Graduate,No,644630,1187674,12,505,910000,100000,1800000,100000,1,data_drift,2024-03-25,3
1,Graduate,Yes,10759901,34501658,6,658,4550000,2100000,33300000,7600000,0,data_drift,2024-03-20,3
3,Not Graduate,Yes,11793795,26245443,18,731,20150000,9900000,34500000,9800000,0,data_drift,2024-03-17,3
0,Graduate,Yes,5917173,16796606,18,616,5850000,5300000,18900000,5000000,0,data_drift,2024-03-20,3
3,Graduate,Yes,6393621,14697125,12,881,17550000,5100000,14100000,3300000,0,data_drift,2024-03-22,3
3,Not Graduate,No,4959540,12046825,14,486,4290000,1100000,10800000,4500000,1,data_drift,2024-03-21,3
1,Graduate,No,5019407,11955021,12,879,6630000,700000,14850000,2400000,0,data_drift,2024-03-01,3
4,Not Graduate,No,4603499,14742912,16,573,4030000,4500000,16650000,4500000,1,data_drift,2024-03-20,3
1,Not Graduate,No,6135563,17693243,10,709,1300000,700000,17550000,2400000,0,data_drift,2024-03-06,3
3,Graduate,No,4070272,11312506,14,900,7020000,5300000,8550000,2100000,0,data_drift,2024-03-15,3
1,Graduate,Yes,11130620,42314638,2,737,5980000,2400000,40650000,6300000,0,data_drift,2024-03-26,3
3,Graduate,Yes,12897163,36158253,18,470,21970000,13600000,43950000,10100000,1,data_drift,2024-03-26,3
5,Graduate,No,8051478,21084201,6,493,4160000,11200000,32400000,6900000,1,data_drift,2024-03-14,3
4,Not Graduate,No,8501069,35880321,14,522,8190000,10900000,41550000,4600000,1,data_drift,2024-03-20,3
5,Graduate,Yes,13405498,44902900,20,657,18590000,10800000,50850000,10600000,0,data_drift,2024-03-15,3
2,Graduate,No,3450060,10102110,6,746,7800000,1700000,10050000,1600000,0,data_drift,2024-03-14,3
2,Graduate,Yes,6584133,16654656,2,807,1430000,7400000,19500000,3800000,0,data_drift,2024-03-25,3
1,Not Graduate,Yes,11273700,36929151,16,472,1300000,10500000,48300000,8000000,1,data_drift,2024-03-21,3
0,Not Graduate,Yes,4441072,16734537,10,510,1560000,2500000,15600000,3600000,1,data_drift,2024-03-24,3
3,Not Graduate,No,10486927,21193911,20,339,5850000,3600000,30600000,4800000,1,data_drift,2024-03-25,3
4,Graduate,Yes,7295562,27777939,14,588,5590000,1500000,21450000,7500000,0,data_drift,2024-03-26,3
3,Not Graduate,Yes,1880345,4442288,16,381,1690000,100000,4500000,1600000,1,data_drift,2024-03-05,3
3,Not Graduate,Yes,8294639,27577461,4,832,6110000,8900000,25950000,7600000,0,data_drift,2024-03-06,3
0,Not Graduate,Yes,12445958,50252416,16,594,12090000,11800000,45750000,5800000,0,data_drift,2024-03-17,3
0,Graduate,Yes,3261044,10369129,4,615,6630000,4500000,9000000,3400000,0,data_drift,2024-03-11,3
1,Not Graduate,No,5538737,15902906,4,900,12740000,6500000,22500000,6000000,0,data_drift,2024-03-16,3
0,Graduate,No,7675604,25586946,6,711,6110000,3900000,21600000,3600000,0,data_drift,2024-03-12,3
0,Graduate,Yes,9641871,28258910,16,772,10400000,5000000,26400000,5400000,0,data_drift,2024-03-15,3
2,Graduate,Yes,13920752,39854803,4,848,33670000,15900000,28950000,11000000,0,data_drift,2024-03-23,3
4,Not Graduate,No,8784161,19232850,6,542,2990000,3700000,27900000,6500000,1,data_drift,2024-03-04,3
0,Not Graduate,No,10769109,36166531,14,736,19630000,10400000,21450000,6700000,0,data_drift,2024-03-27,3
3,Not Graduate,Yes,8854473,22204359,18,802,3640000,8500000,30450000,8800000,0,data_drift,2024-03-18,3
0,Graduate,No,7856014,17425549,2,489,4420000,4100000,22200000,4100000,1,data_drift,2024-03-21,3
4,Not Graduate,Yes,4050860,11775383,4,420,7150000,100000,13200000,2900000,0,data_drift,2024-03-28,3
0,Not Graduate,Yes,4934256,16829270,20,603,5460000,2900000,16500000,1900000,0,data_drift,2024-03-03,3
2,Not Graduate,No,8981492,24793614,10,378,11960000,9500000,25950000,6100000,1,data_drift,2024-03-22,3
4,Graduate,No,10328814,42572550,20,399,17940000,5800000,22950000,5900000,1,data_drift,2024-03-08,3
1,Not Graduate,Yes,563064,1881148,12,503,910000,0,2250000,400000,1,data_drift,2024-03-23,3
4,Not Graduate,Yes,6694544,19285340,18,892,4940000,6600000,25650000,6400000,0,data_drift,2024-03-03,3
1,Graduate,No,1993033,7388056,4,346,5460000,2200000,6300000,1600000,0,data_drift,2024-03-08,3
3,Graduate,No,2297541,4866931,4,815,2600000,400000,5550000,1400000,0,data_drift,2024-03-18,3
0,Graduate,No,13717337,35157999,18,587,8060000,10300000,45300000,14100000,0,data_drift,2024-03-10,3
4,Graduate,Yes,9178252,36287068,12,900,10790000,9400000,25800000,9500000,0,data_drift,2024-03-25,3
2,Not Graduate,Yes,4675675,17393571,2,426,7670000,3200000,13650000,5500000,0,data_drift,2024-03-20,3
5,Not Graduate,Yes,7996506,19156183,18,487,20020000,9700000,20700000,3500000,1,data_drift,2024-03-17,3
2,Not Graduate,Yes,8317778,29416375,20,900,18070000,3900000,33300000,4000000,0,data_drift,2024-03-08,3
1,Graduate,Yes,810627,2381125,8,834,1300000,700000,3300000,800000,0,data_drift,2024-03-23,3
0,Not Graduate,No,5264120,11623221,14,412,12740000,6900000,17850000,3000000,1,data_drift,2024-03-11,3
2,Not Graduate,No,7573271,20014404,2,574,9750000,9300000,18150000,6700000,0,data_drift,2024-03-05,3
4,Graduate,No,13541715,27194132,18,584,24960000,3200000,33600000,12700000,1,data_drift,2024-03-26,3
3,Graduate,Yes,6107379,18586282,18,805,14170000,7600000,20850000,4900000,0,data_drift,2024-03-13,3
0,Graduate,No,10081925,25334042,16,419,24960000,7000000,25800000,8400000,1,data_drift,2024-03-21,3
2,Not Graduate,No,7115320,15585707,8,745,14690000,6800000,19950000,4200000,0,data_drift,2024-03-23,3
4,Graduate,Yes,10040775,38650448,8,485,29120000,1800000,51000000,11700000,1,data_drift,2024-03-05,3
3,Not Graduate,No,2925186,8627337,20,700,8190000,3900000,12450000,2900000,0,data_drift,2024-03-24,3
1,Not Graduate,Yes,3603069,8498420,20,773,2730000,200000,7800000,1300000,0,data_drift,2024-03-27,3
1,Graduate,Yes,2096981,5856106,16,519,5590000,1100000,5850000,2000000,1,data_drift,2024-03-13,3
2,Graduate,No,5405592,18504403,10,405,15080000,1000000,12600000,3600000,1,data_drift,2024-03-06,3
3,Graduate,No,3434214,8339486,2,342,1820000,2100000,6450000,1500000,1,data_drift,2024-03-05,3
2,Not Graduate,Yes,10748174,26476357,10,838,9750000,10500000,30300000,8400000,0,data_drift,2024-03-09,3
3,Graduate,Yes,12649353,34925794,4,333,28990000,7300000,36600000,6600000,0,data_drift,2024-03-27,3
4,Graduate,No,6846974,13747746,6,435,14040000,200000,21000000,6800000,1,data_drift,2024-03-16,3
3,Graduate,Yes,1997550,3231015,14,720,4940000,200000,5400000,1700000,0,data_drift,2024-03-02,3
2,Not Graduate,No,13153519,31434921,6,323,27820000,2200000,47100000,11000000,1,data_drift,2024-03-01,3
0,Not Graduate,Yes,262520,909537,20,769,780000,0,750000,300000,0,data_drift,2024-03-08,3
3,Graduate,No,12126306,33277177,2,635,13910000,4600000,48150000,5600000,0,data_drift,2024-03-28,3
3,Graduate,No,3300520,9278546,6,730,910000,4000000,12300000,1300000,0,data_drift,2024-03-19,3
1,Graduate,No,776880,2077980,14,624,1950000,100000,3000000,500000,0,data_drift,2024-03-11,3
0,Graduate,Yes,3148428,7422261,18,539,6630000,4400000,12750000,2300000,1,data_drift,2024-03-28,3
0,Graduate,No,10220002,42071373,6,422,14300000,13200000,36900000,3800000,1,data_drift,2024-03-12,3
1,Graduate,Yes,9814538,23973167,14,374,7150000,5600000,27150000,7700000,1,data_drift,2024-03-12,3
3,Graduate,Yes,5617201,20173301,6,708,3640000,1600000,22050000,4000000,0,data_drift,2024-03-07,3
3,Not Graduate,No,4470090,15560235,16,324,10140000,2300000,14400000,3400000,1,data_drift,2024-03-26,3
1,Graduate,No,13075382,42128288,4,855,28340000,12200000,39150000,8500000,0,data_drift,2024-03-13,3
2,Graduate,No,7656496,22308904,20,614,7410000,5500000,22050000,5800000,0,data_drift,2024-03-27,3
0,Graduate,Yes,2950204,10796348,10,620,4680000,1700000,6450000,1900000,0,data_drift,2024-03-08,3
5,Not Graduate,No,13698167,40847841,20,625,9100000,10800000,56100000,14700000,0,data_drift,2024-03-22,3
1,Graduate,No,8098538,24546522,20,697,18980000,8100000,24000000,4200000,0,data_drift,2024-03-28,3
2,Not Graduate,Yes,2917552,7607467,10,722,6370000,1400000,6450000,2900000,0,data_drift,2024-03-26,3
4,Not Graduate,Yes,7057575,24537846,14,355,6890000,5600000,19200000,3300000,1,data_drift,2024-03-09,3
5,Not Graduate,Yes,9943485,30847683,6,644,130000,14200000,28950000,8200000,0,data_drift,2024-03-07,3
3,Not Graduate,No,4697277,11641068,20,879,10790000,5700000,11250000,4900000,0,data_drift,2024-03-26,3
0,Graduate,Yes,5391590,15362008,4,410,10790000,4800000,13650000,2500000,0,data_drift,2024-03-21,3
5,Not Graduate,Yes,3222558,12495414,16,721,6630000,1200000,11550000,3700000,0,data_drift,2024-03-24,3
3,Graduate,No,6091602,16137155,20,396,1690000,5100000,16350000,2400000,1,data_drift,2024-03-15,3
3,Not Graduate,Yes,2132301,7939701,14,461,2600000,100000,5550000,1000000,1,data_drift,2024-03-02,3
0,Not Graduate,No,3676802,8825548,12,512,9230000,4000000,7800000,1500000,1,data_drift,2024-03-23,3
0,Not Graduate,No,748514,2630330,2,879,1430000,500000,2700000,300000,0,data_drift,2024-03-20,3
0,Graduate,No,6490756,24114436,8,900,8450000,5400000,18000000,3700000,0,data_drift,2024-03-25,3
2,Not Graduate,Yes,7611335,26388346,10,545,8840000,4400000,27750000,4100000,1,data_drift,2024-03-12,3
1,Graduate,No,11220482,18625181,8,423,3380000,8300000,32550000,8200000,1,data_drift,2024-03-01,3
1,Graduate,No,10763142,36088837,4,524,11180000,4100000,25050000,6100000,0,data_drift,2024-03-23,3
4,Graduate,No,6565620,15025253,6,474,10920000,1300000,27300000,3200000,1,data_drift,2024-03-22,3
2,Graduate,No,6503517,27047229,4,900,13260000,6000000,20850000,5900000,0,data_drift,2024-03-08,3
1,Not Graduate,No,4103261,16140449,20,475,4680000,3800000,8850000,3100000,1,data_drift,2024-03-05,3
0,Graduate,Yes,270446,859117,8,876,650000,0,600000,200000,0,data_drift,2024-03-15,3
3,Not Graduate,No,11235949,33442390,12,627,27820000,8800000,35550000,4700000,0,data_drift,2024-03-01,3
4,Graduate,Yes,4308243,15074084,4,469,9490000,3000000,12300000,1800000,0,data_drift,2024-03-01,3
3,Graduate,No,5343357,12981178,6,900,5460000,4800000,15300000,4200000,0,data_drift,2024-03-25,3
5,Graduate,No,10931192,37109102,4,363,25740000,14600000,37800000,9400000,0,data_drift,2024-03-10,3
2,Graduate,Yes,6624336,15471287,18,382,9100000,200000,21600000,3600000,1,data_drift,2024-03-22,3
4,Graduate,No,10852182,47008377,4,900,23660000,4000000,33000000,10200000,0,data_drift,2024-03-10,3
0,Graduate,Yes,6601433,23960498,4,818,2600000,10200000,29550000,7700000,0,data_drift,2024-03-21,3
1,Not Graduate,Yes,2610617,6504055,10,463,6500000,1500000,8850000,1600000,1,data_drift,2024-03-15,3
1,Not Graduate,No,6176790,13234001,20,347,3900000,8000000,28950000,5300000,1,data_drift,2024-03-17,3
2,Not Graduate,Yes,12577834,40348224,12,762,15990000,2400000,32850000,9400000,0,data_drift,2024-03-22,3
2,Not Graduate,Yes,9442138,42766582,10,831,27950000,3100000,23700000,4300000,0,data_drift,2024-03-06,3
3,Not Graduate,Yes,1268262,3410942,12,900,1690000,0,4950000,1100000,0,data_drift,2024-03-03,3
2,Not Graduate,No,8578952,32322791,4,447,12740000,100000,30300000,5800000,0,data_drift,2024-03-13,3
4,Graduate,No,847235,2471824,6,888,130000,1100000,3150000,800000,0,data_drift,2024-03-16,3
1,Graduate,No,8843625,33295403,20,781,14820000,8500000,38550000,7900000,0,data_drift,2024-03-08,3
2,Not Graduate,No,12351170,30774459,16,855,28990000,12100000,46500000,5200000,0,data_drift,2024-03-15,3
2,Not Graduate,Yes,9561030,29579898,12,660,0,11400000,21900000,3800000,0,data_drift,2024-03-17,3
0,Not Graduate,No,1158711,4045973,2,486,130000,900000,4050000,1200000,0,data_drift,2024-03-17,3
1,Not Graduate,No,14212984,40257327,20,474,20020000,18400000,29700000,4700000,1,data_drift,2024-03-22,3
0,Graduate,No,6646134,18371282,2,538,15600000,7900000,30600000,6200000,1,data_drift,2024-03-26,3
1,Not Graduate,Yes,11437664,49204710,18,867,29640000,12300000,26550000,7800000,0,data_drift,2024-03-13,3
2,Not Graduate,No,7808120,28679890,12,900,11440000,9400000,18450000,3300000,0,data_drift,2024-03-17,3
5,Not Graduate,Yes,12481718,38350670,16,584,24830000,16600000,45600000,7600000,1,data_drift,2024-03-06,3
4,Graduate,Yes,12466757,37782768,16,884,24310000,11000000,31050000,10700000,0,data_drift,2024-03-17,3
2,Graduate,No,11014351,31320575,18,805,5330000,15500000,25050000,10600000,0,data_drift,2024-03-16,3
0,Graduate,Yes,9566950,19837677,16,684,4290000,6900000,33450000,8100000,0,data_drift,2024-03-14,3
1,Graduate,Yes,8770817,29663960,12,699,2600000,11300000,29400000,6400000,0,data_drift,2024-03-13,3
3,Graduate,Yes,10464367,26117709,2,749,5330000,8900000,43650000,4200000,0,data_drift,2024-03-06,3
0,Not Graduate,Yes,2901187,5526889,16,677,2730000,2400000,10800000,1600000,0,data_drift,2024-03-03,3
1,Graduate,No,2398456,6692053,12,438,1040000,600000,5850000,1500000,1,data_drift,2024-03-14,3
0,Not Graduate,Yes,4373661,17640569,6,629,4680000,0,16800000,4000000,0,data_drift,2024-03-14,3
4,Graduate,Yes,1046042,3062728,14,766,0,100000,3000000,700000,0,data_drift,2024-03-15,3
4,Not Graduate,Yes,10039699,26397250,16,708,12090000,5300000,21750000,7300000,0,data_drift,2024-03-08,3
3,Not Graduate,Yes,4768698,20172861,10,663,5200000,800000,17850000,5300000,0,data_drift,2024-03-15,3
1,Graduate,Yes,14506421,28898691,4,900,23400000,16400000,55950000,10800000,0,data_drift,2024-03-22,3
5,Graduate,Yes,1904235,6045153,2,494,0,2600000,7950000,1500000,0,data_drift,2024-03-27,3
5,Not Graduate,Yes,274760,418949,8,459,-130000,100000,750000,100000,1,data_drift,2024-03-13,3
4,Not Graduate,No,7690622,16719456,2,352,12220000,3000000,17700000,8200000,1,data_drift,2024-03-17,3
0,Not Graduate,Yes,13301230,33351062,10,367,31460000,6800000,53700000,6100000,1,data_drift,2024-03-21,3
4,Not Graduate,Yes,3039368,8697684,8,498,7930000,4200000,11850000,2400000,1,data_drift,2024-03-24,3
3,Graduate,No,5066501,15213380,14,793,7020000,1600000,11550000,3000000,0,data_drift,2024-03-03,3
2,Not Graduate,No,9425573,31541063,12,375,25090000,11800000,21450000,8500000,1,data_drift,2024-03-28,3
1,Not Graduate,Yes,13499439,50512859,12,629,13000000,9300000,54750000,6800000,0,data_drift,2024-03-06,3
0,Not Graduate,Yes,3098103,7299568,10,389,1300000,800000,9150000,1000000,1,data_drift,2024-03-05,3
4,Graduate,No,3693719,16918898,4,565,10140000,2200000,15000000,1600000,0,data_drift,2024-03-22,3
5,Not Graduate,Yes,10912169,30826804,18,879,25350000,10600000,28950000,9800000,0,data_drift,2024-03-26,3
0,Not Graduate,Yes,5842041,17583215,20,833,7410000,3600000,15750000,5300000,0,data_drift,2024-03-17,3
4,Not Graduate,No,10512112,40970790,6,410,28210000,2300000,40050000,4600000,1,data_drift,2024-03-23,3
2,Graduate,No,9669926,34826431,12,704,17550000,5500000,38250000,5400000,0,data_drift,2024-03-25,3
1,Not Graduate,Yes,6645120,13380566,10,896,520000,10400000,28350000,5000000,0,data_drift,2024-03-02,3
2,Graduate,Yes,6220348,15494639,6,463,15860000,4100000,15000000,4500000,1,data_drift,2024-03-26,3
1,Not Graduate,No,9617014,18953538,12,633,11700000,300000,18900000,7100000,0,data_drift,2024-03-15,3
3,Graduate,No,13238602,28318313,6,832,2990000,16500000,44850000,10400000,0,data_drift,2024-03-05,3
4,Graduate,Yes,11606158,43724706,4,401,14430000,5500000,56700000,10000000,0,data_drift,2024-03-26,3
4,Not Graduate,No,12954666,30761249,14,764,390000,16200000,30750000,11900000,0,data_drift,2024-03-20,3
4,Not Graduate,No,3574148,12762441,16,893,5200000,1900000,10200000,2800000,0,data_drift,2024-03-06,3
1,Graduate,No,1369696,3262492,6,756,2860000,1000000,3300000,1100000,0,data_drift,2024-03-06,3
3,Graduate,No,3491324,12580994,4,835,3510000,3300000,14100000,3700000,0,data_drift,2024-03-27,3
5,Graduate,Yes,9480519,32429375,20,508,20410000,3600000,43650000,6800000,1,data_drift,2024-03-18,3
2,Not Graduate,No,10734059,34142164,20,855,16120000,9500000,37950000,9100000,0,data_drift,2024-03-18,3
5,Not Graduate,No,12826108,23495602,6,837,6890000,2500000,36000000,7200000,0,data_drift,2024-03-04,3
0,Graduate,Yes,8524687,27602732,2,593,5720000,7200000,22500000,4200000,0,data_drift,2024-03-17,3
4,Graduate,Yes,13542153,40083091,10,335,13780000,13200000,45450000,6300000,1,data_drift,2024-03-25,3
2,Not Graduate,No,6595522,18109660,20,645,10660000,6000000,21150000,6800000,0,data_drift,2024-03-14,3
0,Graduate,No,12121940,46854735,14,539,3900000,2200000,35700000,9600000,1,data_drift,2024-03-14,3
4,Not Graduate,No,13745841,41483541,10,399,910000,100000,55050000,12000000,1,data_drift,2024-03-13,3
4,Graduate,No,7992648,24041977,8,469,5070000,5200000,27450000,9000000,1,data_drift,2024-03-07,3
1,Graduate,Yes,2289372,7815135,16,772,5070000,1500000,9600000,1800000,0,data_drift,2024-03-12,3
5,Graduate,No,5312289,7737164,14,348,2340000,400000,15450000,3800000,1,data_drift,2024-03-23,3
5,Not Graduate,No,716256,2043862,12,547,130000,600000,1650000,200000,1,data_drift,2024-03-15,3
3,Graduate,Yes,12619680,47739738,14,449,28990000,7700000,39600000,5900000,1,data_drift,2024-03-19,3
5,Graduate,No,1107454,2148451,18,775,2470000,200000,3150000,600000,0,data_drift,2024-03-11,3
5,Graduate,Yes,9198698,27461899,8,424,8970000,4900000,22950000,7100000,1,data_drift,2024-03-15,3
4,Graduate,No,14651347,31683075,20,557,5200000,11400000,35700000,11100000,1,data_drift,2024-03-12,3
3,Graduate,No,4945257,18393687,4,823,9620000,5300000,18150000,3600000,0,data_drift,2024-03-03,3
1,Not Graduate,No,10209833,37912372,12,791,8320000,12100000,33600000,7300000,0,data_drift,2024-03-17,3
3,Not Graduate,No,9842675,21868517,8,500,19630000,5600000,36900000,10200000,1,data_drift,2024-03-03,3
2,Graduate,No,3920206,13243433,4,838,1560000,4100000,9150000,3600000,0,data_drift,2024-03-19,3
2,Not Graduate,Yes,4410868,17055248,4,455,8320000,1700000,12000000,2300000,0,data_drift,2024-03-20,3
3,Not Graduate,No,6396187,23389464,8,430,13910000,4000000,18450000,2600000,1,data_drift,2024-03-04,3
1,Graduate,Yes,11512321,44430969,10,765,30810000,8500000,37350000,9700000,0,data_drift,2024-03-03,3
5,Graduate,No,8507374,26400513,4,671,4160000,1100000,37650000,4300000,0,data_drift,2024-03-26,3
4,Not Graduate,No,2728360,6456944,12,843,4160000,1900000,7350000,1500000,0,data_drift,2024-03-16,3
5,Graduate,Yes,7139053,22190012,14,537,16900000,9100000,22950000,3300000,1,data_drift,2024-03-12,3
0,Graduate,Yes,6326008,11690784,14,492,4160000,7700000,16500000,3600000,1,data_drift,2024-03-08,3
2,Not Graduate,No,10191063,20435769,16,830,25480000,8600000,40650000,3600000,0,data_drift,2024-03-24,3
5,Not Graduate,No,10010014,24930954,6,527,11830000,3500000,23550000,9800000,1,data_drift,2024-03-17,3
0,Graduate,Yes,1841252,6561999,4,868,650000,100000,4950000,800000,1,data_drift,2024-03-07,3
3,Graduate,Yes,10228013,27896791,2,623,12090000,3000000,25050000,9300000,0,data_drift,2024-03-11,3
5,Not Graduate,No,10113141,19034701,10,374,19890000,2300000,21600000,7300000,1,data_drift,2024-03-18,3
1,Graduate,No,7764816,24757139,6,509,18070000,10000000,22800000,5500000,1,data_drift,2024-03-01,3
2,Not Graduate,No,984421,2206276,10,875,130000,700000,3000000,900000,0,data_drift,2024-03-03,3
5,Not Graduate,No,7737830,21237869,12,555,6760000,4700000,20850000,5700000,1,data_drift,2024-03-04,3
3,Graduate,No,11515860,37231071,16,900,20540000,4300000,37500000,4000000,0,data_drift,2024-03-13,3
1,Not Graduate,No,11271762,46654103,14,717,26780000,5900000,25950000,12200000,0,data_drift,2024-03-06,3
2,Graduate,No,2358808,6599282,2,711,1300000,1400000,8700000,900000,0,data_drift,2024-03-26,3
2,Not Graduate,No,2820973,6149484,4,553,910000,600000,9900000,3100000,1,data_drift,2024-03-14,3
5,Graduate,Yes,4358497,15706033,10,681,11310000,3600000,14700000,4100000,0,data_drift,2024-03-05,3
5,Not Graduate,No,9283623,34660970,18,701,2080000,6700000,31200000,5400000,0,data_drift,2024-03-16,3
2,Not Graduate,No,9765497,29326041,16,578,3250000,11000000,39450000,8500000,1,data_drift,2024-03-15,3
5,Not Graduate,No,7093731,19676510,2,848,4290000,7500000,24150000,2700000,0,data_drift,2024-03-15,3
3,Not Graduate,Yes,1172308,5163372,8,779,3900000,1300000,6000000,1300000,0,data_drift,2024-03-04,3
2,Not Graduate,Yes,5414049,11408618,12,900,7800000,600000,12600000,1900000,0,data_drift,2024-03-08,3
1,Graduate,No,13325372,38820967,4,723,2600000,5900000,25950000,4400000,0,data_drift,2024-03-27,3
2,Not Graduate,No,306505,1204952,6,369,130000,0,600000,100000,1,data_drift,2024-03-16,3
0,Not Graduate,No,14133572,37941858,20,632,1560000,14600000,50700000,8300000,0,data_drift,2024-03-28,3
0,Not Graduate,Yes,4270400,12314272,12,825,780000,6000000,11550000,3300000,0,data_drift,2024-03-16,3
3,Not Graduate,Yes,8107430,26796873,14,691,5200000,10700000,19500000,8200000,0,data_drift,2024-03-04,3
1,Graduate,Yes,3242744,11810834,20,577,1300000,4000000,12300000,2600000,1,data_drift,2024-03-13,3
0,Graduate,No,4123875,9196848,10,798,9360000,600000,17550000,2700000,0,data_drift,2024-03-26,3
1,Not Graduate,No,10451221,36658920,16,888,12220000,6800000,33900000,8500000,0,data_drift,2024-03-28,3
5,Graduate,Yes,4187608,14059531,2,758,3640000,700000,15450000,1400000,0,data_drift,2024-03-13,3
2,Graduate,Yes,4599953,11464506,4,622,4940000,6700000,18750000,2700000,0,data_drift,2024-03-02,3
3,Graduate,Yes,11000445,42249020,20,477,29900000,1400000,34350000,7900000,1,data_drift,2024-03-03,3
4,Not Graduate,Yes,11607232,41301571,10,690,21450000,15200000,38100000,5000000,0,data_drift,2024-03-22,3
2,Not Graduate,Yes,289150,578759,6,782,520000,0,750000,0,0,data_drift,2024-03-08,3
3,Not Graduate,Yes,5109805,16642514,2,753,3250000,3900000,18300000,4600000,0,data_drift,2024-03-24,3
3,Not Graduate,Yes,7284896,27980260,20,454,1430000,5000000,28050000,6900000,1,data_drift,2024-03-15,3
0,Graduate,No,9402571,34070405,16,668,14950000,3700000,24000000,8200000,0,data_drift,2024-03-11,3
0,Graduate,No,4473979,7595332,2,406,130000,3800000,14850000,2400000,1,data_drift,2024-03-09,3
5,Graduate,Yes,11957822,47080987,18,865,25090000,10300000,51900000,8700000,0,data_drift,2024-03-07,3
3,Not Graduate,No,8387305,21078282,10,506,8710000,3500000,26850000,6100000,1,data_drift,2024-03-13,3
2,Not Graduate,No,6236203,16151155,20,740,15080000,4600000,21300000,3300000,0,data_drift,2024-03-02,3
4,Not Graduate,Yes,10638798,39831965,2,507,11570000,11200000,27600000,5600000,0,data_drift,2024-03-08,3
2,Graduate,No,2305527,5954194,20,589,520000,2300000,4200000,1400000,0,data_drift,2024-03-07,3
3,Graduate,Yes,9323018,29197623,18,728,130000,600000,23400000,5500000,0,data_drift,2024-03-24,3
1,Graduate,Yes,7129830,16623427,14,878,1690000,3600000,22050000,5700000,0,data_drift,2024-03-12,3
0,Graduate,Yes,4571777,18264114,14,664,3510000,700000,17100000,4800000,0,data_drift,2024-03-19,3
4,Not Graduate,Yes,7846794,20346901,2,790,16900000,9400000,30000000,3500000,0,data_drift,2024-03-07,3
3,Graduate,No,8815621,32813230,12,805,11570000,2200000,28050000,8500000,0,data_drift,2024-03-10,3
3,Not Graduate,Yes,5576374,15131204,18,634,11180000,6300000,13200000,3000000,0,data_drift,2024-03-25,3
5,Graduate,No,1622797,5465224,16,530,520000,100000,3450000,700000,1,data_drift,2024-03-16,3
1,Not Graduate,Yes,12780259,38722817,16,563,31980000,4900000,47700000,6600000,1,data_drift,2024-03-03,3
5,Not Graduate,Yes,3257621,5694216,18,627,2080000,3900000,9300000,2800000,0,data_drift,2024-03-10,3
2,Graduate,Yes,11394746,47149670,10,438,18070000,1600000,32400000,7000000,1,data_drift,2024-03-06,3
1,Graduate,No,5456739,11954667,6,731,0,1000000,16650000,3100000,0,data_drift,2024-03-18,3
2,Graduate,No,10030258,20493510,8,563,15730000,6300000,22800000,5400000,1,data_drift,2024-03-18,3
4,Graduate,No,11938345,36682920,4,740,22360000,13900000,39300000,4900000,0,data_drift,2024-03-05,3
1,Not Graduate,No,6187217,28578268,4,533,10270000,8900000,30450000,6700000,0,data_drift,2024-03-21,3
3,Not Graduate,Yes,10582759,36255930,10,419,13130000,15500000,40500000,9700000,1,data_drift,2024-03-07,3
3,Graduate,Yes,7220452,20702951,12,566,13520000,700000,14700000,2400000,1,data_drift,2024-03-28,3
4,Graduate,Yes,8222889,22836682,14,614,1430000,9900000,19950000,8400000,0,data_drift,2024-03-02,3
2,Graduate,Yes,4693348,21323842,2,331,2990000,1400000,11400000,2400000,1,data_drift,2024-03-11,3
1,Not Graduate,Yes,3310061,7004729,16,659,7670000,0,7200000,1200000,0,data_drift,2024-03-13,3
2,Graduate,Yes,1983677,6676488,4,816,2470000,2200000,7800000,700000,0,data_drift,2024-03-23,3
0,Graduate,No,4275471,13163175,12,634,10270000,0,12900000,3600000,0,data_drift,2024-03-05,3
5,Not Graduate,No,10366677,27863411,4,441,23920000,11700000,32250000,7600000,1,data_drift,2024-03-06,3
5,Not Graduate,Yes,6725712,18325492,18,736,9880000,900000,28800000,5900000,0,data_drift,2024-03-24,3
5,Not Graduate,No,5194769,16560845,18,614,11570000,3200000,17550000,6200000,0,data_drift,2024-03-26,3
4,Graduate,No,11218287,29767129,12,669,5980000,8500000,29100000,4400000,0,data_drift,2024-03-14,3
2,Not Graduate,Yes,753769,1505821,8,900,910000,0,1800000,300000,0,data_drift,2024-03-12,3
5,Graduate,Yes,7411102,23184764,18,410,3250000,7500000,31650000,2800000,1,data_drift,2024-03-04,3
1,Graduate,Yes,8046090,27552345,18,866,14560000,3400000,23400000,4700000,0,data_drift,2024-03-23,3
2,Graduate,No,12542357,30745163,10,783,12610000,4600000,34500000,6900000,0,data_drift,2024-03-06,3
2,Graduate,Yes,11739640,36419565,8,481,28990000,11500000,29700000,9500000,1,data_drift,2024-03-10,3
4,Not Graduate,No,10775093,36380235,8,774,18330000,14200000,29100000,9500000,0,data_drift,2024-03-18,3
5,Graduate,Yes,10079278,24876144,4,770,10010000,12900000,35400000,5800000,0,data_drift,2024-03-15,3
1,Graduate,No,10852471,37118909,4,686,10660000,5100000,31650000,5400000,0,data_drift,2024-03-08,3
3,Graduate,Yes,731564,1302754,12,562,0,700000,2250000,300000,1,data_drift,2024-03-26,3
0,Graduate,Yes,11074611,29197973,18,620,24440000,700000,49050000,5300000,0,data_drift,2024-03-09,3
0,Graduate,No,10452820,24802065,2,418,18460000,6600000,47250000,11000000,1,data_drift,2024-03-05,3
1,Graduate,Yes,2651935,9195954,12,749,5460000,200000,5700000,2700000,0,data_drift,2024-03-10,3
1,Graduate,No,7964929,33836957,20,674,12350000,7900000,20250000,5500000,0,data_drift,2024-03-20,3
3,Not Graduate,Yes,6767350,22372145,20,864,16380000,8700000,21450000,4800000,0,data_drift,2024-03-06,3
0,Not Graduate,Yes,6235419,15911584,14,539,17420000,2300000,23100000,5900000,1,data_drift,2024-03-16,3
4,Graduate,No,9025796,20842467,4,828,0,13000000,31050000,5200000,0,data_drift,2024-03-24,3
3,Not Graduate,No,5662974,23594272,12,814,5200000,1700000,25950000,3500000,0,data_drift,2024-03-27,3
2,Not Graduate,No,5348428,11593951,8,900,5720000,3700000,15300000,4800000,0,data_drift,2024-03-03,3
5,Not Graduate,Yes,5006512,12219984,18,678,11700000,4000000,15300000,3000000,0,data_drift,2024-03-10,3
4,Graduate,Yes,7222334,20273839,12,490,12740000,0,15600000,6800000,1,data_drift,2024-03-11,3
0,Not Graduate,No,4938671,17535496,12,717,5720000,4800000,15150000,2500000,0,data_drift,2024-03-11,3
2,Graduate,No,10639691,22282393,20,388,21710000,5500000,40200000,4300000,1,data_drift,2024-03-17,3
0,Not Graduate,No,1465641,5659210,18,858,910000,800000,4350000,900000,0,data_drift,2024-03-04,3
1,Not Graduate,Yes,13070500,35603122,2,690,28730000,7200000,36600000,4700000,0,data_drift,2024-03-04,3
1,Not Graduate,Yes,622199,2421065,12,900,260000,500000,2700000,300000,0,data_drift,2024-03-17,3
5,Not Graduate,Yes,4384114,16158100,8,368,11440000,1000000,16050000,4000000,1,data_drift,2024-03-09,3
4,Graduate,No,9681474,31877642,16,522,20020000,5600000,40050000,7000000,1,data_drift,2024-03-19,3
0,Not Graduate,No,12825667,47865221,6,631,13000000,12700000,46650000,7000000,0,data_drift,2024-03-05,3
0,Not Graduate,No,1722071,4473758,10,494,1560000,200000,5250000,1400000,1,data_drift,2024-03-22,3
4,Not Graduate,No,2366290,4375078,16,681,260000,100000,8550000,1200000,0,data_drift,2024-03-24,3
5,Graduate,Yes,8544855,22936098,8,589,18460000,2900000,30600000,8000000,0,data_drift,2024-03-06,3
4,Not Graduate,Yes,6993954,20818725,10,697,14040000,8300000,22350000,2800000,0,data_drift,2024-03-03,3
1,Not Graduate,Yes,14072631,23143724,16,693,130000,10500000,56550000,11700000,0,data_drift,2024-03-22,3
4,Not Graduate,Yes,2130188,4095453,20,396,2080000,2300000,6900000,1000000,1,data_drift,2024-03-01,3
4,Graduate,Yes,8292870,22252069,14,538,8190000,100000,32100000,8700000,1,data_drift,2024-03-20,3
1,Not Graduate,Yes,3600462,8790325,12,346,4420000,2100000,14100000,2300000,1,data_drift,2024-03-22,3
1,Not Graduate,No,7912339,27116866,20,483,4290000,7100000,33600000,8000000,1,data_drift,2024-03-16,3
2,Not Graduate,Yes,5609940,12580626,6,355,14560000,1000000,21450000,4100000,1,data_drift,2024-03-23,3
0,Graduate,No,4661287,11716000,12,837,7020000,300000,12600000,3400000,0,data_drift,2024-03-11,3
0,Not Graduate,No,5386714,23017205,20,541,11960000,5700000,17850000,2600000,1,data_drift,2024-03-13,3
1,Graduate,Yes,9472296,42954561,16,900,17290000,3600000,25800000,10800000,0,data_drift,2024-03-27,3
5,Graduate,No,11528416,23379971,14,641,4420000,7700000,53100000,11000000,0,data_drift,2024-03-10,3
1,Graduate,Yes,4358608,17595757,4,900,1950000,2400000,10650000,3600000,0,data_drift,2024-03-03,3
1,Not Graduate,No,9663541,27121318,10,366,29640000,10700000,27750000,4500000,1,data_drift,2024-03-09,3
4,Not Graduate,Yes,4034781,13587829,2,817,9880000,3300000,12000000,3200000,0,data_drift,2024-03-28,3
3,Graduate,Yes,3258902,6170459,2,887,1690000,2600000,6750000,2300000,0,data_drift,2024-03-12,3
1,Not Graduate,No,2311841,5998527,12,579,2860000,2700000,5400000,800000,1,data_drift,2024-03-23,3
1,Graduate,No,7004136,19206796,12,815,4160000,7200000,24750000,5100000,0,data_drift,2024-03-14,3
0,Graduate,No,7531051,22736218,6,874,1690000,300000,28200000,3500000,0,data_drift,2024-03-01,3
3,Not Graduate,Yes,11125125,26987937,4,799,11180000,13700000,28800000,7700000,0,data_drift,2024-03-18,3
3,Not Graduate,Yes,2805224,6011140,16,602,2210000,3900000,8700000,1300000,0,data_drift,2024-03-17,3
4,Graduate,Yes,7034188,17466601,4,429,13910000,2000000,30750000,3900000,1,data_drift,2024-03-27,3
2,Not Graduate,Yes,5656850,17344363,16,583,3120000,2600000,15750000,3000000,0,data_drift,2024-03-09,3
5,Not Graduate,No,11354842,40347361,4,530,6890000,12000000,36600000,10000000,1,data_drift,2024-03-09,3
4,Not Graduate,No,12535678,40404717,8,701,11440000,11300000,39000000,5500000,0,data_drift,2024-03-23,3
3,Not Graduate,No,13273554,44161929,12,753,19500000,100000,49200000,8000000,0,data_drift,2024-03-10,3
2,Not Graduate,No,5205490,16039610,14,473,5200000,6300000,12450000,1700000,1,data_drift,2024-03-19,3
2,Not Graduate,Yes,13689854,37348136,16,529,37050000,6300000,47700000,7400000,1,data_drift,2024-03-15,3
0,Graduate,Yes,5182673,18647190,2,370,130000,6700000,18750000,3100000,0,data_drift,2024-03-05,3
0,Graduate,Yes,6097454,14678776,20,461,12740000,2000000,14400000,5800000,1,data_drift,2024-03-15,3
4,Not Graduate,Yes,7803169,17723730,14,774,20930000,9300000,24450000,7000000,0,data_drift,2024-03-20,3
5,Graduate,Yes,6292048,11597579,6,614,7800000,800000,12750000,2500000,0,data_drift,2024-03-23,3
1,Not Graduate,No,11475571,33987497,6,527,19890000,10000000,24750000,4500000,1,data_drift,2024-03-25,3
3,Not Graduate,Yes,7201315,26225294,6,536,17420000,6600000,25800000,7600000,1,data_drift,2024-03-28,3
2,Not Graduate,No,5842240,19439271,18,835,8190000,7800000,16200000,2400000,0,data_drift,2024-03-02,3
2,Not Graduate,No,6485392,21394184,6,434,2860000,4300000,14250000,4600000,1,data_drift,2024-03-13,3
5,Graduate,No,14763250,48735489,10,438,10270000,4300000,58800000,13000000,1,data_drift,2024-03-24,3
1,Not Graduate,Yes,496091,1204888,8,872,780000,500000,2250000,300000,0,data_drift,2024-03-16,3
0,Not Graduate,Yes,12944394,33656175,12,814,12870000,14400000,31800000,10400000,0,data_drift,2024-03-15,3
2,Not Graduate,Yes,6122028,16077746,14,526,10530000,7500000,15150000,5500000,1,data_drift,2024-03-25,3
4,Not Graduate,No,2112073,8264826,18,563,4160000,800000,8250000,1100000,0,data_drift,2024-03-10,3
0,Not Graduate,No,6745227,19763729,16,328,16640000,200000,26250000,2700000,1,data_drift,2024-03-14,3
3,Not Graduate,No,12110145,42078855,12,643,1170000,1100000,47850000,11600000,0,data_drift,2024-03-10,3
4,Graduate,No,2334545,11677379,6,634,3510000,2900000,10050000,3300000,0,data_drift,2024-03-25,3
1,Graduate,No,6390302,16440312,8,502,13520000,0,21750000,3900000,1,data_drift,2024-03-14,3
2,Not Graduate,Yes,3482802,11898143,10,738,8580000,4100000,14250000,3300000,0,data_drift,2024-03-26,3
4,Not Graduate,No,1630551,5981504,8,624,2080000,1800000,4800000,1300000,0,data_drift,2024-03-23,3
3,Not Graduate,Yes,13586610,34001230,8,900,4030000,17200000,39600000,12700000,0,data_drift,2024-03-09,3
1,Not Graduate,No,11579440,27331133,18,567,13000000,9700000,44850000,10600000,1,data_drift,2024-03-25,3
4,Not Graduate,No,14000630,29328542,12,584,36790000,9900000,44550000,5400000,0,data_drift,2024-03-14,3
4,Not Graduate,Yes,9402059,27873438,10,540,7930000,9100000,30900000,3900000,1,data_drift,2024-03-03,3
3,Not Graduate,Yes,13462011,32206831,8,402,17030000,15500000,28350000,6100000,1,data_drift,2024-03-20,3
0,Not Graduate,Yes,8710413,20567557,6,541,7280000,5700000,32250000,3600000,1,data_drift,2024-03-16,3
1,Not Graduate,No,12254676,31482269,2,683,16510000,600000,26700000,9900000,0,data_drift,2024-03-02,3
5,Graduate,Yes,12307088,39400052,12,469,25480000,17900000,31500000,6900000,1,data_drift,2024-03-10,3
5,Graduate,Yes,11442357,32559870,8,335,23400000,5900000,50700000,5400000,1,data_drift,2024-03-03,3
2,Graduate,No,3167192,9428879,20,572,1040000,1200000,7800000,2300000,1,data_drift,2024-03-11,3
